state,town,count
Alaska,Anchorage,2
Alaska,Wasilla,2
Alabama,Alabaster,2
Alabama,Albertville,1
Alabama,Aliceville,1
Alabama,Andalusia,1
Alabama,Anniston,2
Alabama,Arab,1
Alabama,Athens,1
Alabama,Attalla,1
Alabama,Auburn,4
Alabama,Bay Minette,1
Alabama,Bayou La Batre,1
Alabama,Bessemer,4
Alabama,Birmingham,12
Alabama,Cahaba Heights,1
Alabama,Calera,1
Alabama,Camden,1
Alabama,Center Point,1
Alabama,Centre,1
Alabama,Centreville,1
Alabama,Childersburg,1
Alabama,Citronelle,1
Alabama,Clanton,1
Alabama,Columbiana,1
Alabama,Cullman,2
Alabama,Daphne,2
Alabama,Decatur,2
Alabama,Demopolis,1
Alabama,Dothan,4
Alabama,East Oneonta,1
Alabama,Enterprise,1
Alabama,Evergreen,1
Alabama,Fairhope,1
Alabama,Florence,3
Alabama,Foley,1
Alabama,Fultondale,2
Alabama,Gadsden,2
Alabama,Gardendale,1
Alabama,Gordo,1
Alabama,Grand Bay,1
Alabama,Greensboro,1
Alabama,Greenville,1
Alabama,Gulf Shores,1
Alabama,Guntersville,1
Alabama,Haleyville,1
Alabama,Hanceville,1
Alabama,Hartselle,1
Alabama,Harvest,1
Alabama,Helena,1
Alabama,Homewood,3
Alabama,Hoover,4
Alabama,Hueytown,1
Alabama,Huntsville,9
Alabama,Jackson,1
Alabama,Jacksonville,1
Alabama,Jasper,1
Alabama,Lanett,1
Alabama,Leeds,1
Alabama,Madison,3
Alabama,Meridianville,1
Alabama,Midfield,1
Alabama,Millbrook,1
Alabama,Mobile,13
Alabama,Montevallo,1
Alabama,Montgomery,11
Alabama,Moody,1
Alabama,Moulton,1
Alabama,Mountain Brook,1
Alabama,Muscle Shoals,1
Alabama,Northport,2
Alabama,Opelika,2
Alabama,Orange Beach,1
Alabama,Oxford,2
Alabama,Ozark,1
Alabama,Pelham,2
Alabama,Pell City,1
Alabama,Phenix City,2
Alabama,Piedmont,1
Alabama,Pinson,1
Alabama,Pleasant Grove,1
Alabama,Prattville,3
Alabama,Prichard,1
Alabama,Rainbow City,1
Alabama,Robertsdale,1
Alabama,Russellville,1
Alabama,Saraland,1
Alabama,Scottsboro,1
Alabama,Selma,1
Alabama,Semmes,1
Alabama,Spanish Fort,1
Alabama,Sylacauga,1
Alabama,Talladega,1
Alabama,Tallassee,1
Alabama,Troy,1
Alabama,Trussville,1
Alabama,Tuscaloosa,7
Alabama,Tuskegee,1
Alabama,Union Springs,1
Alabama,Vestavia,2
Alabama,Warrior,1
Alabama,Wetumpka,1
Arkansas,Bella Vista,1
Arkansas,Bryant,2
Arkansas,Conway,2
Arkansas,Fayetteville,2
Arkansas,Fort Smith,1
Arkansas,Hot Springs,1
Arkansas,Jonesboro,2
Arkansas,Little Rock,3
Arkansas,North Little Rock,1
Arkansas,Paragould,1
Arkansas,Rogers,2
Arkansas,Russellville,1
Arkansas,Sherwood,1
Arkansas,Springdale,1
Arkansas,Texarkana,1
Arkansas,Van Buren,1
Arizona,Anthem,1
Arizona,Apache Junction,1
Arizona,Avondale,1
Arizona,Buckeye,1
Arizona,Bullhead City,2
Arizona,Camp Verde,1
Arizona,Carefree,1
Arizona,Casa Grande,1
Arizona,Cave Creek,1
Arizona,Chandler,12
Arizona,Cottonwood,1
Arizona,Douglas,1
Arizona,Flagstaff,2
Arizona,Fort Mohave,1
Arizona,Fountain Hills,2
Arizona,Gilbert,6
Arizona,Glendale,5
Arizona,Globe,1
Arizona,Goodyear,3
Arizona,Green Valley,1
Arizona,Kingman,1
Arizona,Lake Havasu City,1
Arizona,Laveen,1
Arizona,Litchfield Park,1
Arizona,Marana,1
Arizona,Maricopa,1
Arizona,Mesa,18
Arizona,Oro Valley,2
Arizona,Parker,1
Arizona,Peoria,9
Arizona,Phoenix,44
Arizona,Prescott,2
Arizona,Prescott Valley,1
Arizona,Queen Creek,3
Arizona,Scottsdale,13
Arizona,Sedona,1
Arizona,Show Low,1
Arizona,Sierra Vista,2
Arizona,Sun City,2
Arizona,Sun City West,1
Arizona,Sun Lakes,1
Arizona,Surprise,5
Arizona,Taylor,1
Arizona,Tempe,8
Arizona,Tolleson,1
Arizona,Tucson,25
Arizona,Wickenburg,1
Arizona,Yuma,4
California,Adelanto,1
California,Agoura,1
California,Alameda,4
California,Alamo,1
California,Albany,2
California,Alhambra,4
California,Aliso Viejo,2
California,Alpine,1
California,Anaheim,10
California,Anaheim Hills,2
California,Anderson,1
California,Angels Camp,1
California,Antioch,2
California,Apple Valley,3
California,Aptos,1
California,Arcadia,2
California,Arcata,1
California,Arleta,1
California,Arroyo Grande,1
California,Artesia,1
California,Arvin,1
California,Atascadero,1
California,Atwater,2
California,Auburn,4
California,Azusa,4
California,Bakersfield,14
California,Baldwin Park,3
California,Bell,1
California,Benicia,1
California,Berkeley,4
California,Berkley,1
California,Beverly Hills,1
California,Big Bear Lake,1
California,Brea,2
California,Brentwood,2
California,Buellton,1
California,Buena Park,3
California,Burbank,7
California,Burlingame,1
California,Byron,1
California,Calexico,1
California,Camarillo,5
California,Campbell,2
California,Canoga Park,2
California,Canyon Country,1
California,Capitola,3
California,Carlsbad,3
California,Carmel,1
California,Carmichael,1
California,Carpinteria,1
California,Carson,4
California,Castro Valley,1
California,Cathedral City,3
California,Cerritos,3
California,Chico,4
California,Chino,3
California,Chino Hills,2
California,Chula Vista,8
California,Citrus Heights,1
California,City Of Industry,1
California,Clayton,1
California,Cloverdale,1
California,Clovis,7
California,Coachella,1
California,Colma,1
California,Colton,1
California,Commerce,1
California,Compton,3
California,Concord,3
California,Corona,5
California,Costa Mesa,5
California,Covina,2
California,Crescent City,1
California,Culver City,3
California,Cupertino,2
California,Cypress,2
California,Daly City,3
California,Dana Point,2
California,Danville,2
California,Davis,3
California,Del Mar,1
California,Diamond Bar,2
California,Dixon,1
California,Downey,3
California,Duarte,2
California,Dublin,3
California,Eagle Rock,1
California,East Palo Alto,1
California,Eastvale,1
California,El Cajon,7
California,El Centro,2
California,El Cerrito,2
California,El Dorado Hills,2
California,Elk Grove,5
California,El Monte,3
California,Emeryville,2
California,Encinitas,3
California,Encino,2
California,Escondido,6
California,Eureka,3
California,Fairfield,4
California,Fair Oaks,2
California,Fallbrook,1
California,Felton,1
California,Fillmore,1
California,Flintridge,1
California,Folsom,4
California,Fontana,5
California,Foothill Ranch,2
California,Fort Bragg,1
California,Fountain Valley,1
California,Fowler,1
California,Fremont,5
California,Fresno,18
California,Fullerton,6
California,Galt,1
California,Gardena,2
California,Garden Grove,3
California,Gilroy,2
California,Glendale,4
California,Glendora,2
California,Goleta,4
California,Granada Hills,4
California,Grand Terrace,1
California,Granite Bay,1
California,Grass Valley,1
California,Greenbrae,1
California,Gridley,1
California,Hacienda Heights,1
California,Half Moon Bay,1
California,Hanford,3
California,Hawaiian Gardens,1
California,Hawthorne,4
California,Hayward,5
California,Healdsburg,1
California,Hemet,5
California,Hermosa Beach,2
California,Hesperia,2
California,Highland,2
California,Hollister,1
California,Hollywood,2
California,Huntington,4
California,Huntington Beach,6
California,Huntington Park,2
California,Imperial Beach,2
California,Indian Wells,1
California,Indio,3
California,Inglewood,4
California,Irvine,11
California,Jackson,1
California,Kingsburg,1
California,Ladera Ranch,2
California,Lafayette,1
California,Laguna Beach,1
California,Laguna Hills,1
California,Laguna Niguel,4
California,La Habra,4
California,La Jolla,3
California,Lake Elsinore,3
California,Lake Forest,4
California,Lakeport,1
California,Lakewood,5
California,La Mesa,2
California,La Mirada,2
California,Lamont,1
California,Lancaster,6
California,La Puente,2
California,La Quinta,2
California,Lathrop,1
California,La Verne,2
California,Lawndale,3
California,Lemon Grove,1
California,Lincoln,2
California,Livermore,3
California,Livingston,1
California,Lodi,3
California,Lomita,2
California,Lompoc,1
California,Long Beach,13
California,Los Alamitos,1
California,Los Angeles,57
California,Los Banos,1
California,Los Gatos,2
California,Lynwood,1
California,Madera,2
California,Malibu,1
California,Manhattan Beach,3
California,Manteca,3
California,Marina,2
California,Marina Del Rey,1
California,Martinez,2
California,Mar Vista,1
California,Marysville,1
California,Mckinleyville,1
California,Menifee,3
California,Menlo Park,2
California,Merced,2
California,Mill Valley,1
California,Milpitas,1
California,Mira Loma,1
California,Mira Mesa,1
California,Mission Hills,2
California,Mission Viejo,7
California,Modesto,9
California,Monrovia,1
California,Montclair,2
California,Montebello,3
California,Monterey,2
California,Monterey Park,2
California,Montrose,1
California,Moorpark,2
California,Moraga,2
California,Moreno Valley,3
California,Morgan Hill,2
California,Mountain View,5
California,Mt Shasta,1
California,Murrieta,6
California,Napa,3
California,National City,2
California,Newark,1
California,Newbury Park,3
California,Newport Beach,2
California,Nipomo,1
California,Norco,3
California,North Hollywood,5
California,Northridge,5
California,Norwalk,5
California,Novato,3
California,Oakdale,1
California,Oakhurst,1
California,Oakland,8
California,Oak Park,1
California,Oceanside,6
California,Ontario,3
California,Orange,6
California,Orangevale,1
California,Orinda,1
California,Orland,1
California,Oroville,1
California,Oxnard,3
California,Pacific Palisades,1
California,Pacoima,1
California,Palmdale,4
California,Palm Desert,2
California,Palm Springs,1
California,Palo Alto,3
California,Palos Verdes Peninsula,1
California,Paramount,1
California,Pasadena,8
California,Paso Robles,2
California,Patterson,1
California,Petaluma,3
California,Pico Rivera,3
California,Pinole,2
California,Pismo Beach,1
California,Pittsburg,2
California,Placentia,3
California,Placerville,1
California,Playa Vista,1
California,Pleasant Hill,1
California,Pleasanton,3
California,Pollock Pines,1
California,Pomona,4
California,Porter Ranch,1
California,Porterville,5
California,Port Hueneme,1
California,Poway,1
California,Prather,1
California,Ramona,1
California,Rancho,1
California,Rancho Bernardo,1
California,Rancho Cordova,2
California,Rancho Cucamonga,4
California,Rancho Mirage,1
California,Rancho Santa,1
California,Rancho Santa Margarita,1
California,Red Bluff,1
California,Redding,6
California,Redlands,4
California,Redondo Beach,4
California,Redwood City,3
California,Reedley,1
California,Reseda,3
California,Rialto,1
California,Richmond,2
California,Ripon,1
California,Riverbank,2
California,Riverside,11
California,Rocklin,3
California,Rohnert Park,2
California,Rosemead,2
California,Roseville,6
California,Rowland Heights,1
California,Sacramento,17
California,Salinas,7
California,San Anselmo,1
California,San Bernardino,4
California,San Bruno,2
California,San Carlos,2
California,San Clemente,3
California,Sand City,1
California,San Diego,36
California,San Dimas,2
California,San Fernando,1
California,San Francisco,24
California,San Gabriel,1
California,Sanger,1
California,San Jacinto,1
California,San Jose,29
California,San Leandro,4
California,San Luis Obispo,4
California,San Marcos,5
California,San Mateo,6
California,San Pedro,3
California,San Rafael,3
California,San Ramon,4
California,Santa Ana,8
California,Santa Barbara,7
California,Santa Clara,4
California,Santa Clarita,4
California,Santa Cruz,2
California,Santa Fe Springs,1
California,Santa Maria,5
California,Santa Monica,4
California,Santa Paula,1
California,Santa Rosa,6
California,Santee,2
California,Saratoga,1
California,Saugus,1
California,Sausalito,2
California,Scotts Valley,1
California,Seal Beach,3
California,Sebastopol,1
California,Sherman Oaks,2
California,Shingle Springs,2
California,Signal Hill,1
California,Simi Valley,6
California,Solana Beach,2
California,Soledad,1
California,Solvang,1
California,Sonoma,1
California,Sonora,1
California,South El Monte,1
California,South Gate,3
California,South Lake Tahoe,2
California,Spring Valley,1
California,Stanton,1
California,Stockton,5
California,Studio City,2
California,Sunnyvale,4
California,Sun Valley,1
California,Sylmar,1
California,Tahoe City,1
California,Tarzana,1
California,Temecula,7
California,Temple City,2
California,Thousand Oaks,5
California,Tiburon,1
California,Torrance,7
California,Trabuco Canyon,1
California,Tracy,3
California,Truckee,1
California,Tujunga,1
California,Tulare,4
California,Turlock,3
California,Tustin,4
California,Ukiah,1
California,Upland,5
California,Vacaville,3
California,Valencia,2
California,Vallejo,2
California,Valley Springs,1
California,Van Nuys,4
California,Venice,2
California,Ventura,7
California,Victorville,2
California,Visalia,5
California,Vista,6
California,Walnut Creek,4
California,Walnut Park,1
California,Watsonville,3
California,Weaverville,1
California,West Covina,5
California,West Hills,1
California,West Hollywood,2
California,Westlake Village,1
California,Westminster,3
California,West Sacramento,1
California,Whittier,5
California,Wilmington,1
California,Winchester,1
California,Windsor,1
California,Winnetka,2
California,Woodland,2
California,Woodland Hills,4
California,Yorba Linda,2
California,Yuba City,2
California,Yucaipa,1
Colorado,Arvada,1
Colorado,Aurora,5
Colorado,Boulder,1
Colorado,Brighton,1
Colorado,Castle Rock,2
Colorado,Colorado Springs,6
Colorado,Denver,7
Colorado,Edgewater,1
Colorado,Englewood,1
Colorado,Fort Collins,2
Colorado,Glendale,1
Colorado,Glenwood Springs,1
Colorado,Grand Junction,1
Colorado,Greeley,1
Colorado,Highlands Ranch,2
Colorado,Lakewood,2
Colorado,Littleton,2
Colorado,Lone Tree,1
Colorado,Longmont,1
Colorado,Loveland,1
Colorado,Montrose,1
Colorado,Parker,2
Colorado,Pueblo,1
Colorado,Sheridan,1
Colorado,Silverthorne,1
Colorado,Superior,1
Colorado,Thornton,1
Colorado,Westminster,2
Colorado,Wheat Ridge,1
Connecticut,Ansonia,2
Connecticut,Avon,1
Connecticut,Berlin,1
Connecticut,Bethel,2
Connecticut,Bloomfield,2
Connecticut,Branford,1
Connecticut,Bridgeport,3
Connecticut,Bristol,3
Connecticut,Brookfield,1
Connecticut,Brooklyn,1
Connecticut,Burlington,1
Connecticut,Canton,1
Connecticut,Cheshire,2
Connecticut,Clinton,1
Connecticut,Colchester,1
Connecticut,Cos Cob,1
Connecticut,Coventry,1
Connecticut,Cromwell,1
Connecticut,Danbury,4
Connecticut,Darien,1
Connecticut,Dayville,1
Connecticut,Derby,1
Connecticut,East Hampton,1
Connecticut,East Hartford,3
Connecticut,East Haven,2
Connecticut,East Lyme,2
Connecticut,Enfield,3
Connecticut,Fairfield,4
Connecticut,Farmington,1
Connecticut,Gales Ferry,1
Connecticut,Glastonbury,2
Connecticut,Granby,1
Connecticut,Greenwich,2
Connecticut,Groton,1
Connecticut,Guilford,1
Connecticut,Hamden,2
Connecticut,Hartford,6
Connecticut,Hebron,1
Connecticut,Kensington,1
Connecticut,Lisbon,1
Connecticut,Litchfield,1
Connecticut,Madison,1
Connecticut,Manchester,4
Connecticut,Mansfield,2
Connecticut,Meriden,4
Connecticut,Middletown,2
Connecticut,Milford,3
Connecticut,Monroe,1
Connecticut,Mystic,1
Connecticut,Naugatuck,1
Connecticut,New Britain,3
Connecticut,New Canaan,1
Connecticut,New Haven,3
Connecticut,Newington,2
Connecticut,New London,1
Connecticut,New Milford,1
Connecticut,Newtown,1
Connecticut,North Haven,2
Connecticut,Norwalk,4
Connecticut,Norwich,1
Connecticut,Old Greenwich,1
Connecticut,Old Saybrook,1
Connecticut,Orange,2
Connecticut,Plainfield,1
Connecticut,Plainville,1
Connecticut,Plymouth,1
Connecticut,Prospect,1
Connecticut,Putnam,1
Connecticut,Ridgefield,2
Connecticut,Riverside,1
Connecticut,Rockville,1
Connecticut,Rocky Hill,2
Connecticut,Seymour,1
Connecticut,Simsbury,1
Connecticut,Southbury,1
Connecticut,Southington,3
Connecticut,South Windsor,1
Connecticut,Stafford Springs,1
Connecticut,Stamford,9
Connecticut,Stratford,2
Connecticut,Suffield,1
Connecticut,Torrington,2
Connecticut,Trumbull,3
Connecticut,Uncasville,1
Connecticut,Unionville,1
Connecticut,Vernon,1
Connecticut,Wallingford,1
Connecticut,Waterbury,5
Connecticut,Waterford,2
Connecticut,Watertown,1
Connecticut,West Hartford,7
Connecticut,West Haven,3
Connecticut,Westport,1
Connecticut,Wethersfield,1
Connecticut,Willimantic,1
Connecticut,Wilton,1
Connecticut,Windsor,3
Connecticut,Windsor Locks,1
Connecticut,Winsted,1
Delaware,Bear,1
Delaware,Bethany Beach,1
Delaware,Claymont,1
Delaware,Dover,3
Delaware,Lewes,1
Delaware,Middletown,1
Delaware,Milford,1
Delaware,Newark,2
Delaware,New Castle,1
Delaware,Ocean View,1
Delaware,Pike Creek,1
Delaware,Rehoboth,1
Delaware,Selbyville,1
Delaware,Wilmington,4
Florida,Alachua,1
Florida,Altamonte,1
Florida,Altamonte Springs,4
Florida,Apalachicola,1
Florida,Apollo Beach,1
Florida,Apopka,2
Florida,Arcadia,1
Florida,Auburndale,1
Florida,Aventura,2
Florida,Avon Park,1
Florida,Bartow,1
Florida,Baytree,1
Florida,Belle Glade,1
Florida,Belleview,1
Florida,Beverly Hills,1
Florida,Big Pine Key,1
Florida,Boca Raton,11
Florida,Bonita Springs,3
Florida,Boynton Beach,9
Florida,Bradenton,9
Florida,Brandon,4
Florida,Brooksville,3
Florida,Bushnell,1
Florida,Callahan,1
Florida,Cantonment,1
Florida,Cape Coral,6
Florida,Carol City,1
Florida,Casselberry,1
Florida,Century,1
Florida,Chattahoochee,1
Florida,Chiefland,1
Florida,Chipley,1
Florida,Citrus Hills,1
Florida,Clearwater,9
Florida,Clearwater Beach,1
Florida,Clermont,4
Florida,Clewiston,1
Florida,Cocoa,2
Florida,Cocoa Beach,1
Florida,Coconut Creek,2
Florida,Coconut Grove,1
Florida,Cooper City,1
Florida,Coral Gables,2
Florida,Coral Springs,8
Florida,Crawfordville,1
Florida,Crestview,1
Florida,Crystal River,1
Florida,Dade City,1
Florida,Davenport,4
Florida,Davie,3
Florida,Daytona Beach,3
Florida,Daytona Beach Shores,1
Florida,Deerfield Beach,4
Florida,Deland,2
Florida,Delray Beach,5
Florida,Deltona,2
Florida,Destin,2
Florida,Doral,4
Florida,Dunedin,2
Florida,Dunnellon,1
Florida,East Palatka,1
Florida,Edgewater,1
Florida,Englewood,1
Florida,Estero,2
Florida,Eustis,1
Florida,Fernandina Beach,1
Florida,Flagler Beach,1
Florida,Fleming Island,1
Florida,Fort Lauderdale,11
Florida,Fort Myers,15
Florida,Fort Myers Beach,1
Florida,Fort Pierce,4
Florida,Fort Walton Beach,2
Florida,Ft Myers,1
Florida,Ft Myers,2
Florida,Gainesville,12
Florida,Greenacres,2
Florida,Green Cove Springs,1
Florida,Gulf Breeze,2
Florida,Haines City,1
Florida,Hallandale,1
Florida,Hawthorne,1
Florida,Heathrow,1
Florida,Hialeah,19
Florida,High Springs,1
Florida,Hobe Sound,1
Florida,Holiday,1
Florida,Hollywood,8
Florida,Holmes Beach,1
Florida,Homestead,5
Florida,Homosassa,1
Florida,Hudson,2
Florida,Immokalee,1
Florida,Indialantic,1
Florida,Indian Rocks Beach,1
Florida,Interlachen,1
Florida,Inverness,1
Florida,Islamorada,1
Florida,Jacksonville,32
Florida,Jacksonville Beach,2
Florida,Jasper,1
Florida,Jensen Beach,2
Florida,Jonesville,1
Florida,Juno Beach,1
Florida,Jupiter,3
Florida,Kendall,1
Florida,Key Biscaynne,1
Florida,Key Largo,1
Florida,Keystone Heights,1
Florida,Key West,4
Florida,Kissimmee,12
Florida,Lady Lake,1
Florida,Lake Butler,1
Florida,Lake City,2
Florida,Lakeland,9
Florida,Lake Mary,2
Florida,Lake Park,1
Florida,Lake Placid,1
Florida,Lake Wales,1
Florida,Lake Worth,7
Florida,Lantana,1
Florida,Largo,7
Florida,Lauderhill,3
Florida,Leesburg,1
Florida,Lehigh Acres,1
Florida,Lighthouse Point,1
Florida,Live Oak,1
Florida,Longboat Key,1
Florida,Longwood,2
Florida,Lutz,2
Florida,Lynn Haven,1
Florida,Macclenny,1
Florida,Madeira Beach,1
Florida,Madison,1
Florida,Marco Island,1
Florida,Margate,2
Florida,Marianna,1
Florida,Mary Esther,2
Florida,Melbourne,6
Florida,Melbourne Village,1
Florida,Merritt Island,3
Florida,Miami,82
Florida,Miami Beach,6
Florida,Miami Gardens,2
Florida,Miami Lakes,1
Florida,Middleburg,1
Florida,Milton,1
Florida,Minneola,1
Florida,Miramar,5
Florida,Miramar Beach,2
Florida,Monticello,1
Florida,Mount Dora,4
Florida,Naples,16
Florida,Navarre,1
Florida,Neptune Beach,1
Florida,New Port Richey,6
Florida,New Smyrna Beach,1
Florida,Niceville,2
Florida,Nokomis,1
Florida,North Fort Myers,3
Florida,North Miami,2
Florida,North Miami Beach,4
Florida,North Palm Beach,1
Florida,North Port,1
Florida,Oakland Park,1
Florida,Ocala,9
Florida,Ocoee,1
Florida,Okeechobee,1
Florida,Oldsmar,1
Florida,Orange City,2
Florida,Orange Park,3
Florida,Orlando,43
Florida,Ormond Beach,2
Florida,Osprey,1
Florida,Oviedo,3
Florida,Pace,2
Florida,Palatka,1
Florida,Palm Bay,3
Florida,Palm Beach,4
Florida,Palm Beach Gardens,1
Florida,Palm City,1
Florida,Palm Coast,3
Florida,Palmetto,1
Florida,Palm Harbor,3
Florida,Palm Springs,1
Florida,Panama City,8
Florida,Panama City Beach,2
Florida,Parkland,1
Florida,Parrish,1
Florida,Pembroke Pines,7
Florida,Pensacola,14
Florida,Perry,1
Florida,Pinecrest,1
Florida,Pinellas Park,4
Florida,Plantation,4
Florida,Plant City,2
Florida,Pompano Beach,4
Florida,Ponte Vedra Beach,1
Florida,Port Charlotte,4
Florida,Port Orange,4
Florida,Port Richey,2
Florida,Port Saint Joe,1
Florida,Port Saint Lucie,5
Florida,Port St Lucie,1
Florida,Punta Gorda,1
Florida,Quincy,1
Florida,Riverview,4
Florida,Rockledge,2
Florida,Royal Palm,1
Florida,Saint Augustine,6
Florida,Saint Cloud,2
Florida,Saint James City,1
Florida,Saint Petersburg,15
Florida,Sanford,3
Florida,Sanibel,1
Florida,Sarasota,13
Florida,Satellite Beach,1
Florida,Sebring,1
Florida,Seffner,1
Florida,Seminole,2
Florida,Silver Springs,1
Florida,Sorrento,1
Florida,South Miami,2
Florida,Spring Hill,3
Florida,St pete Beach,1
Florida,St Petersburg,1
Florida,Starke,1
Florida,Stock Island,1
Florida,Stuart,4
Florida,Summerfield,1
Florida,Sun City Center,1
Florida,Sunny Isles,2
Florida,Sunny Isles Beach,1
Florida,Sunrise,2
Florida,Surfside,1
Florida,Talahassee,1
Florida,Tallahassee,13
Florida,Tamarac,3
Florida,Tampa,29
Florida,Tarpon Springs,1
Florida,Tavares,1
Florida,Tavernier,1
Florida,Temple Terrace,2
Florida,Tequesta,1
Florida,The Villages,2
Florida,Titusville,3
Florida,Trinity,1
Florida,University Park,1
Florida,Valrico,2
Florida,Venice,4
Florida,Vero Beach,7
Florida,Wauchula,1
Florida,Weeki Wachee,1
Florida,Wellington,1
Florida,Wesley Chapel,4
Florida,Weston,2
Florida,West Palm Beach,13
Florida,Wildwood,1
Florida,Williston,1
Florida,Wilton Manors,1
Florida,Windermere,1
Florida,Winter Garden,2
Florida,Winter Haven,4
Florida,Winter Park,5
Florida,Winter Springs,1
Florida,Yulee,1
Florida,Zephyrhills,3
Georgia,Acworth,3
Georgia,Albany,2
Georgia,Alpharetta,8
Georgia,Americus,1
Georgia,Athens,7
Georgia,Atlanta,35
Georgia,Auburn,1
Georgia,Augusta,6
Georgia,Austell,2
Georgia,Bainbridge,1
Georgia,Barnesville,1
Georgia,Baxley,1
Georgia,Bethlehem,1
Georgia,Blairsville,1
Georgia,Blakely,1
Georgia,Blue Ridge,1
Georgia,Bowdon,1
Georgia,Bremen,1
Georgia,Brunswick,2
Georgia,Buford,3
Georgia,Calhoun,1
Georgia,Canton,4
Georgia,Carrollton,2
Georgia,Cartersville,3
Georgia,Cedartown,1
Georgia,Chamblee,1
Georgia,Chatsworth,1
Georgia,Claxton,1
Georgia,Clayton,1
Georgia,Cochran,1
Georgia,Columbus,8
Georgia,Commerce,1
Georgia,Conyers,3
Georgia,Cordele,1
Georgia,Cornelia,1
Georgia,Covington,4
Georgia,Cumming,7
Georgia,Cuthbert,1
Georgia,Dacula,1
Georgia,Dallas,2
Georgia,Dalton,2
Georgia,Dawsonville,1
Georgia,Decatur,7
Georgia,Douglas,1
Georgia,Douglasville,3
Georgia,Dublin,1
Georgia,Duluth,2
Georgia,Dunwoody,2
Georgia,East Ellijay,1
Georgia,Eastman,1
Georgia,East Point,2
Georgia,Eatonton,1
Georgia,Elberton,1
Georgia,Ellenwood,1
Georgia,Evans,4
Georgia,Fairburn,1
Georgia,Fayetteville,2
Georgia,Fitzgerald,1
Georgia,Flowery,1
Georgia,Flowery Branch,2
Georgia,Forest Park,1
Georgia,Forsyth,1
Georgia,Fort Oglethorpe,1
Georgia,Fort Valley,1
Georgia,Gainesville,3
Georgia,Garden City,1
Georgia,Greensboro,1
Georgia,Griffin,1
Georgia,Grovetown,1
Georgia,Hartwell,1
Georgia,Hazlehurst,1
Georgia,Hinesville,1
Georgia,Hiram,1
Georgia,Hoschton,1
Georgia,Hull,1
Georgia,Jackson,1
Georgia,Jasper,1
Georgia,Jefferson,1
Georgia,Jesup,1
Georgia,Jonesboro,2
Georgia,Kennesaw,2
Georgia,Kingsland,1
Georgia,Lafayette,1
Georgia,Lagrange,1
Georgia,La Grange,2
Georgia,Lawrenceville,7
Georgia,Leesburg,1
Georgia,Lilburn,4
Georgia,Lithonia,1
Georgia,Loganville,2
Georgia,Mableton,1
Georgia,Macon,9
Georgia,Manchester,1
Georgia,Marietta,13
Georgia,Martinez,2
Georgia,Mcdonough,6
Georgia,Milledgeville,2
Georgia,Milton,2
Georgia,Monroe,1
Georgia,Montezuma,1
Georgia,Monticello,1
Georgia,Morrow,1
Georgia,Moultrie,1
Georgia,Newnan,5
Georgia,Norcross,4
Georgia,Oakwood,1
Georgia,Peachtree City,2
Georgia,Perry,1
Georgia,Pooler,1
Georgia,Port Wentworth,1
Georgia,Powder Springs,1
Georgia,Richmond Hill,1
Georgia,Rincon,1
Georgia,Ringgold,2
Georgia,Riverdale,3
Georgia,Rome,5
Georgia,Roswell,5
Georgia,Saint Mary s,1
Georgia,Saint Simons Island,2
Georgia,Sandersville,1
Georgia,Sandy Springs,3
Georgia,Savannah,13
Georgia,Smyrna,4
Georgia,Snellville,4
Georgia,Statesboro,1
Georgia,Stockbridge,2
Georgia,Stone Mountain,4
Georgia,Summerville,1
Georgia,Suwanee,3
Georgia,Sylvester,1
Georgia,Tallapoosa,1
Georgia,Thomasville,1
Georgia,Thomson,1
Georgia,Tifton,2
Georgia,Toccoa,1
Georgia,Trenton,1
Georgia,Tucker,2
Georgia,Tyrone,1
Georgia,Union City,1
Georgia,Valdosta,1
Georgia,Vidalia,1
Georgia,Villa Rica,1
Georgia,Warner Robins,7
Georgia,Washington,1
Georgia,Watkinsville,1
Georgia,Waycross,1
Georgia,Waynesboro,1
Georgia,Winder,1
Georgia,Woodstock,2
Hawaii,Aiea,1
Hawaii,Eleele,1
Hawaii,Ewa Beach,2
Hawaii,Haleiwa,1
Hawaii,Hauula,1
Hawaii,Hilo,5
Hawaii,Honolulu,22
Hawaii,Kahului,3
Hawaii,Kailua,3
Hawaii,Kailua Kona,2
Hawaii,Kailua kona,1
Hawaii,Kaneohe,2
Hawaii,Kapaa,1
Hawaii,Kapolei,2
Hawaii,Keaau,1
Hawaii,Kihei,2
Hawaii,Koloa,1
Hawaii,Kona,1
Hawaii,Lahaina,1
Hawaii,Lihue,1
Hawaii,Mililani,3
Hawaii,Pahala,1
Hawaii,Pahoa,1
Hawaii,Pearl City,2
Hawaii,Pukalani,1
Hawaii,Wahiawa,2
Hawaii,Waianae,3
Hawaii,Wailuku,2
Hawaii,Waimea,1
Hawaii,Waipahu,1
Iowa,Altoona,1
Iowa,Ames,2
Iowa,Ankeny,2
Iowa,Bettendorf,1
Iowa,Cedar Falls,2
Iowa,Cedar Rapids,6
Iowa,Coralville,1
Iowa,Council Bluffs,2
Iowa,Davenport,3
Iowa,Des Moines,4
Iowa,Dubuque,1
Iowa,Fort Dodge,2
Iowa,Iowa City,2
Iowa,Marion,1
Iowa,Mason City,1
Iowa,Sioux City,1
Iowa,Urbandale,2
Iowa,Waterloo,3
Iowa,West Des Moines,2
Idaho,Boise,1
Idaho,Nampa,1
Idaho,Twin Falls,1
Illinois,Addison,1
Illinois,Algonquin,1
Illinois,Alton,3
Illinois,Antioch,1
Illinois,Arlington Heights,1
Illinois,Aurora,4
Illinois,Barrington,1
Illinois,Bartlett,2
Illinois,Bartonville,1
Illinois,Batavia,1
Illinois,Beach Park,1
Illinois,Beecher,1
Illinois,Belleville,4
Illinois,Bensenville,1
Illinois,Benton,1
Illinois,Bethalto,1
Illinois,Bloomingdale,1
Illinois,Bloomington,2
Illinois,Bolingbrook,2
Illinois,Bourbonnais,1
Illinois,Braidwood,1
Illinois,Bridgeview,1
Illinois,Broadview,1
Illinois,Brookfield,2
Illinois,Buffalo Grove,1
Illinois,Cahokia,1
Illinois,Calumet City,1
Illinois,Canton,1
Illinois,Carbondale,2
Illinois,Carlyle,1
Illinois,Carmi,1
Illinois,Carol Stream,1
Illinois,Cary,1
Illinois,Centralia,2
Illinois,Champaign,4
Illinois,Charleston,1
Illinois,Chicago,70
Illinois,Chicago Heights,1
Illinois,Chillicothe,1
Illinois,Cicero,2
Illinois,Clinton,1
Illinois,Coal City,1
Illinois,Collinsville,2
Illinois,Columbia,1
Illinois,Crestwood,1
Illinois,Crystal Lake,3
Illinois,Danville,1
Illinois,Darien,1
Illinois,Decatur,4
Illinois,Dekalb,2
Illinois,Downers Grove,2
Illinois,Dwight,1
Illinois,East Peoria,3
Illinois,Edwardsville,2
Illinois,Elgin,2
Illinois,Elmhurst,1
Illinois,El Paso,1
Illinois,Eureka,1
Illinois,Evanston,5
Illinois,Evergreen Park,1
Illinois,Fairbury,1
Illinois,Fairfield,1
Illinois,Fairview Heights,2
Illinois,Flora,1
Illinois,Flossmoor,1
Illinois,Forest Park,1
Illinois,Franklin Park,1
Illinois,Freeport,2
Illinois,Galesburg,1
Illinois,Geneva,1
Illinois,Gilman,1
Illinois,Glendale Heights,2
Illinois,Glen Ellyn,1
Illinois,Glenview,1
Illinois,Godfrey,1
Illinois,Granite City,2
Illinois,Greenville,1
Illinois,Gurnee,1
Illinois,Harrisburg,1
Illinois,Havana,1
Illinois,Henry,1
Illinois,Herscher,1
Illinois,Hickory Hills,1
Illinois,Highland,1
Illinois,Highland Park,3
Illinois,Hillsboro,1
Illinois,Hillside,2
Illinois,Hodgkins,1
Illinois,Hoffman Estates,1
Illinois,Homewood,1
Illinois,Hoopeston,1
Illinois,Jacksonville,1
Illinois,Jerseyville,1
Illinois,Joliet,4
Illinois,Kankakee,1
Illinois,Kewanee,1
Illinois,Lacon,1
Illinois,Lake Bluff,1
Illinois,Lake Forest,1
Illinois,Lake In The Hills,1
Illinois,Lake Zurich,1
Illinois,Lawrenceville,1
Illinois,Lemont,2
Illinois,Lincoln,1
Illinois,Lincolnwood,1
Illinois,Lindenhurst,1
Illinois,Lockport,1
Illinois,Lombard,3
Illinois,Long Grove,1
Illinois,Loves Park,1
Illinois,Machesney Park,2
Illinois,Macomb,1
Illinois,Mahomet,1
Illinois,Manteno,1
Illinois,Marion,1
Illinois,Mattoon,1
Illinois,Mchenry,1
Illinois,Melrose Park,1
Illinois,Mendota,1
Illinois,Metamora,1
Illinois,Midlothian,1
Illinois,Milan,1
Illinois,Mokena,2
Illinois,Moline,2
Illinois,Momence,1
Illinois,Morton,1
Illinois,Morton Grove,1
Illinois,Mount Carmel,1
Illinois,Mount Prospect,1
Illinois,Mount Vernon,1
Illinois,Mundelein,3
Illinois,Naperville,3
Illinois,New Lenox,3
Illinois,Newton,1
Illinois,Niles,4
Illinois,Normal,2
Illinois,Norridge,1
Illinois,North Aurora,1
Illinois,Northbrook,3
Illinois,North Riverside,1
Illinois,fallon,2
Illinois,Oak Forest,1
Illinois,Oak Lawn,1
Illinois,Oak Park,3
Illinois,Olney,1
Illinois,Olympia Fields,1
Illinois,Orland Park,3
Illinois,Oswego,1
Illinois,Ottawa,1
Illinois,Palatine,2
Illinois,Palos Heights,1
Illinois,Paris,1
Illinois,Park Forest,1
Illinois,Park Ridge,1
Illinois,Pekin,1
Illinois,Peoria,7
Illinois,Peoria Heights,1
Illinois,Peotone,1
Illinois,Peru,2
Illinois,Plainfield,2
Illinois,Pontiac,1
Illinois,Quincy,1
Illinois,Rantoul,1
Illinois,Riverdale,1
Illinois,River Forest,1
Illinois,Rockford,8
Illinois,Rock Island,1
Illinois,Rolling Meadows,1
Illinois,Roscoe,1
Illinois,Rosemont,1
Illinois,Round Lake,1
Illinois,Salem,1
Illinois,Savoy,2
Illinois,Schaumburg,4
Illinois,Shelbyville,1
Illinois,Shiloh,1
Illinois,Shorewood,2
Illinois,Skokie,3
Illinois,South Elgin,2
Illinois,Springfield,9
Illinois,Staunton,1
Illinois,St Charles,2
Illinois,Sterling,1
Illinois,Streamwood,2
Illinois,Sullivan,1
Illinois,Swansea,2
Illinois,Taylorville,1
Illinois,Third Lake,1
Illinois,Tinley Park,3
Illinois,Urbana,2
Illinois,Vernon Hills,1
Illinois,Villa Park,1
Illinois,Warrenville,1
Illinois,Washington,1
Illinois,Waterloo,1
Illinois,Watseka,1
Illinois,Waukegan,3
Illinois,West Frankfort,1
Illinois,Westville,1
Illinois,Wheaton,3
Illinois,Wheeling,1
Illinois,Willowbrook,1
Illinois,Wilmette,1
Illinois,Wilmington,1
Illinois,Wood Dale,1
Illinois,Woodridge,2
Illinois,Wood River,1
Illinois,Worth,1
Illinois,Yorkville,1
Illinois,Zion,1
Indiana,Alexandria,1
Indiana,Anderson,4
Indiana,Angola,1
Indiana,Attica,1
Indiana,Auburn,1
Indiana,Aurora,1
Indiana,Avon,3
Indiana,Bargersville,1
Indiana,Batesville,1
Indiana,Bedford,1
Indiana,Beech Grove,1
Indiana,Berne,1
Indiana,Bloomfield,1
Indiana,Bloomington,8
Indiana,Bluffton,1
Indiana,Boonville,1
Indiana,Brazil,1
Indiana,Bremen,1
Indiana,Brookville,1
Indiana,Brownsburg,1
Indiana,Brownstown,1
Indiana,Butler,1
Indiana,Cambridge City,1
Indiana,Carmel,7
Indiana,Cedar Lake,1
Indiana,Chesterton,1
Indiana,Churubusco,1
Indiana,Cicero,1
Indiana,Clarksville,2
Indiana,Clinton,1
Indiana,Columbia City,1
Indiana,Columbus,3
Indiana,Connersville,1
Indiana,Corydon,1
Indiana,Covington,1
Indiana,Crawfordsville,1
Indiana,Crownpoint,1
Indiana,Crown Point,2
Indiana,Culver,1
Indiana,Danville,1
Indiana,Decatur,1
Indiana,Delphi,1
Indiana,Demotte,2
Indiana,Dunkirk,1
Indiana,Dyer,1
Indiana,East Chicago,1
Indiana,Edinburgh,1
Indiana,Elkhart,4
Indiana,Elwood,1
Indiana,English,1
Indiana,Evansville,18
Indiana,Ferdinand,1
Indiana,Fishers,6
Indiana,Fortville,1
Indiana,Fort Wayne,14
Indiana,Frankfort,1
Indiana,Franklin,1
Indiana,Gary,1
Indiana,Gas City,1
Indiana,Goshen,2
Indiana,Granger,3
Indiana,Greencastle,1
Indiana,Greenfield,1
Indiana,Greensburg,1
Indiana,Greenwood,4
Indiana,Griffith,1
Indiana,Hammond,1
Indiana,Hanover,1
Indiana,Hartford City,1
Indiana,Highland,3
Indiana,Hobart,2
Indiana,Huntingburg,1
Indiana,Huntington,1
Indiana,Indianapolis,55
Indiana,Jasper,1
Indiana,Jeffersonville,1
Indiana,Kendallville,1
Indiana,Kentland,1
Indiana,Knightstown,1
Indiana,Knox,1
Indiana,Kokomo,5
Indiana,Lafayette,6
Indiana,Lagrange,1
Indiana,Laporte,1
Indiana,Lawrenceburg,1
Indiana,Lebanon,1
Indiana,Leo cedarville,1
Indiana,Liberty,1
Indiana,Ligonier,1
Indiana,Linton,1
Indiana,Logansport,2
Indiana,Loogootee,1
Indiana,Madison,1
Indiana,Marion,2
Indiana,Martinsville,1
Indiana,Mccordsville,1
Indiana,Merrillville,3
Indiana,Michigan City,3
Indiana,Middlebury,1
Indiana,Middletown,1
Indiana,Mishawaka,2
Indiana,Mitchell,1
Indiana,Monticello,1
Indiana,Mooresville,1
Indiana,Mount Vernon,1
Indiana,Muncie,5
Indiana,Munster,2
Indiana,Nappanee,1
Indiana,Nashville,1
Indiana,New Albany,2
Indiana,Newburgh,2
Indiana,New Carlisle,1
Indiana,New Castle,1
Indiana,New Haven,1
Indiana,New Palestine,1
Indiana,Noblesville,6
Indiana,North Judson,1
Indiana,North Manchester,1
Indiana,North Vernon,1
Indiana,North Webster,1
Indiana,Oaklandon,1
Indiana,Paoli,1
Indiana,Pendleton,1
Indiana,Peru,1
Indiana,Petersburg,1
Indiana,Plainfield,2
Indiana,Plymouth,1
Indiana,Portage,1
Indiana,Portland,1
Indiana,Princeton,1
Indiana,Rensselaer,1
Indiana,Richmond,3
Indiana,Rochester,1
Indiana,Rockville,1
Indiana,Rossville,1
Indiana,Rushville,1
Indiana,Salem,1
Indiana,Schereville,1
Indiana,Scottsburg,1
Indiana,Sellersburg,1
Indiana,Seymour,1
Indiana,Shelbyville,1
Indiana,South Bend,7
Indiana,Spencer,1
Indiana,St John,1
Indiana,Sullivan,1
Indiana,Syracuse,1
Indiana,Tell City,1
Indiana,Terre Haute,5
Indiana,Tipton,1
Indiana,Trafalgar,1
Indiana,Valparaiso,4
Indiana,Versailles,1
Indiana,Vevay,1
Indiana,Vincennes,1
Indiana,Wabash,1
Indiana,Walkerton,1
Indiana,Warsaw,1
Indiana,Washington,1
Indiana,West Baden,1
Indiana,Westfield,3
Indiana,West Lafayette,2
Indiana,Whiteland,1
Indiana,Whiting,1
Indiana,Winamac,1
Indiana,Winchester,1
Indiana,Zionsville,2
Kansas,Atchison,1
Kansas,Derby,1
Kansas,Emporia,1
Kansas,Gardner,1
Kansas,Junction City,1
Kansas,Kansas City,6
Kansas,Lawrence,3
Kansas,Leavenworth,1
Kansas,Leawood,2
Kansas,Lenexa,2
Kansas,Manhattan,1
Kansas,Mission,2
Kansas,Olathe,5
Kansas,Overland Park,11
Kansas,Prairie Village,1
Kansas,Roeland Park,1
Kansas,Salina,1
Kansas,Shawnee,4
Kansas,Topeka,2
Kansas,Wichita,7
Kentucky,Ashland,1
Kentucky,Benton,1
Kentucky,Bowling Green,3
Kentucky,Campbellsville,1
Kentucky,Columbia,1
Kentucky,Covington,1
Kentucky,Crestwood,1
Kentucky,Danville,1
Kentucky,Elizabethtown,1
Kentucky,Eminence,1
Kentucky,Erlanger,2
Kentucky,Falmouth,1
Kentucky,Flatwoods,1
Kentucky,Florence,3
Kentucky,Frankfort,2
Kentucky,Franklin,1
Kentucky,Georgetown,1
Kentucky,Harlan,1
Kentucky,Harrodsburg,1
Kentucky,Hazard,2
Kentucky,Jeffersontown,1
Kentucky,Latonia,1
Kentucky,Lexington,5
Kentucky,Liberty,1
Kentucky,London,1
Kentucky,Louisville,22
Kentucky,Madisonville,1
Kentucky,Marion,1
Kentucky,Mayfield,1
Kentucky,Mount Sterling,1
Kentucky,Murray,1
Kentucky,Newport,1
Kentucky,Nicholasville,1
Kentucky,Owensboro,3
Kentucky,Paducah,3
Kentucky,Paris,1
Kentucky,Princeton,1
Kentucky,Providence,1
Kentucky,Richmond,1
Kentucky,Shelbyville,1
Kentucky,Shepherdsville,1
Kentucky,Somerset,1
Kentucky,South Williamson,1
Kentucky,Versailles,1
Kentucky,Winchester,1
Louisiana,Abbeville,1
Louisiana,Alexandria,2
Louisiana,Avondale,1
Louisiana,Baker,1
Louisiana,Baton Rogue,1
Louisiana,Baton Rouge,15
Louisiana,Bogalusa,1
Louisiana,Bossier City,4
Louisiana,Broussard,1
Louisiana,Central,1
Louisiana,Chalmette,1
Louisiana,Covington,5
Louisiana,Cuttoff,1
Louisiana,Denham Springs,1
Louisiana,Destrehan,1
Louisiana,Donaldsonville,1
Louisiana,Franklinton,1
Louisiana,Gonzales,1
Louisiana,Hammond,2
Louisiana,Harvey,2
Louisiana,Haughton,1
Louisiana,Houma,4
Louisiana,Jennings,1
Louisiana,Kaplan,1
Louisiana,Kenner,3
Louisiana,Lafayette,11
Louisiana,Lake Charles,4
Louisiana,La Place,1
Louisiana,Leesville,1
Louisiana,Luling,1
Louisiana,Mandeville,3
Louisiana,Marksville,1
Louisiana,Marrero,2
Louisiana,Metairie,7
Louisiana,Metarie,1
Louisiana,Minden,1
Louisiana,Monroe,3
Louisiana,Morgan City,1
Louisiana,New Iberia,1
Louisiana,New Orleans,13
Louisiana,Opelousas,1
Louisiana,Pineville,1
Louisiana,Plaquemine,1
Louisiana,Ponchatoula,1
Louisiana,Prairieville,1
Louisiana,Raceland,1
Louisiana,River Ridge,1
Louisiana,Saint Martinville,1
Louisiana,Shreveport,9
Louisiana,Slidell,3
Louisiana,Sulphur,1
Louisiana,Terrytown,2
Louisiana,Thibodaux,1
Louisiana,Walker,1
Louisiana,West Monroe,2
Louisiana,Westwego,1
Louisiana,Youngsville,1
Louisiana,Zachary,1
Massachusetts,Abington,1
Massachusetts,Acton,2
Massachusetts,Agawam,2
Massachusetts,Allston,2
Massachusetts,Amesbury,1
Massachusetts,Amherst,2
Massachusetts,Andover,1
Massachusetts,Arlington,2
Massachusetts,Ashland,2
Massachusetts,Athol,1
Massachusetts,Attleboro,2
Massachusetts,Auburn,1
Massachusetts,Bedford,1
Massachusetts,Belchertown,1
Massachusetts,Bellingham,1
Massachusetts,Belmont,2
Massachusetts,Beverly,2
Massachusetts,Billerica,1
Massachusetts,Blackstone,1
Massachusetts,Boston,27
Massachusetts,Bourne,1
Massachusetts,Braintree,4
Massachusetts,Bridgewater,1
Massachusetts,Brighton,3
Massachusetts,Brockton,7
Massachusetts,Brookline,3
Massachusetts,Burlington,2
Massachusetts,Cambridge,6
Massachusetts,Canton,1
Massachusetts,Carver,1
Massachusetts,Charlestown,1
Massachusetts,Charlton,1
Massachusetts,Chatham,1
Massachusetts,Chelmsford,1
Massachusetts,Chelsea,2
Massachusetts,Chestnut Hill,1
Massachusetts,Chicopee,3
Massachusetts,Clinton,1
Massachusetts,Cohasset,1
Massachusetts,Concord,1
Massachusetts,Danvers,4
Massachusetts,Dedham,3
Massachusetts,Dorchester,6
Massachusetts,Dracut,2
Massachusetts,East Boston,2
Massachusetts,East Bridgewater,1
Massachusetts,East Falmouth,1
Massachusetts,Easthampton,1
Massachusetts,East Longmeadow,1
Massachusetts,Easton,3
Massachusetts,Everett,1
Massachusetts,Fairhaven,1
Massachusetts,Fall River,4
Massachusetts,Falmouth,1
Massachusetts,Fitchburg,2
Massachusetts,Foxboro,2
Massachusetts,Framingham,5
Massachusetts,Franklin,2
Massachusetts,Gardner,1
Massachusetts,Georgetown,1
Massachusetts,Gloucester,2
Massachusetts,Grafton,1
Massachusetts,Granby,1
Massachusetts,Great Barrington,1
Massachusetts,Greenfield,1
Massachusetts,Groton,1
Massachusetts,Hadley,1
Massachusetts,Hamilton,1
Massachusetts,Hanover,2
Massachusetts,Hanson,1
Massachusetts,Harwich,1
Massachusetts,Harwichport,1
Massachusetts,Haverhill,5
Massachusetts,Hingham,3
Massachusetts,Holbrook,2
Massachusetts,Holden,1
Massachusetts,Holliston,1
Massachusetts,Holyoke,3
Massachusetts,Hopkinton,1
Massachusetts,Hudson,1
Massachusetts,Hyannis,4
Massachusetts,Hyde Park,1
Massachusetts,Ipswich,1
Massachusetts,Jamaica Plain,2
Massachusetts,Kingston,2
Massachusetts,Lakeville,1
Massachusetts,Lanesborough,1
Massachusetts,Lawrence,2
Massachusetts,Lenox,1
Massachusetts,Leominster,4
Massachusetts,Lexington,1
Massachusetts,Littleton,1
Massachusetts,Longmeadow,2
Massachusetts,Lowell,5
Massachusetts,Lower Mills,1
Massachusetts,Ludlow,1
Massachusetts,Lunenburg,1
Massachusetts,Lynn,4
Massachusetts,Malden,3
Massachusetts,Mansfield,1
Massachusetts,Marblehead,1
Massachusetts,Marlboro,1
Massachusetts,Marlborough,2
Massachusetts,Marshfield,1
Massachusetts,Marstons Mills,1
Massachusetts,Mashpee,1
Massachusetts,Mattapan,1
Massachusetts,Maynard,1
Massachusetts,Medfield,1
Massachusetts,Medford,4
Massachusetts,Medway,1
Massachusetts,Melrose,2
Massachusetts,Methuen,3
Massachusetts,Middleboro,1
Massachusetts,Middleton,1
Massachusetts,Milford,3
Massachusetts,Millbury,2
Massachusetts,Millis,1
Massachusetts,Milton,1
Massachusetts,Natick,1
Massachusetts,Needham,2
Massachusetts,New Bedford,4
Massachusetts,Newburyport,2
Massachusetts,Newton,2
Massachusetts,Newtonville,1
Massachusetts,North Adams,1
Massachusetts,Northampton,2
Massachusetts,North Andover,2
Massachusetts,North Attleboro,2
Massachusetts,North Billerica,1
Massachusetts,Northborough,1
Massachusetts,North Dartmouth,1
Massachusetts,North Reading,1
Massachusetts,Norton,1
Massachusetts,Norwell,1
Massachusetts,Norwood,1
Massachusetts,Orleans,2
Massachusetts,Oxford,1
Massachusetts,Palmer,1
Massachusetts,Peabody,5
Massachusetts,Pembroke,1
Massachusetts,Pittsfield,1
Massachusetts,Plainville,2
Massachusetts,Plymouth,4
Massachusetts,Provincetown,1
Massachusetts,Quincy,3
Massachusetts,Randolph,1
Massachusetts,Raynham,2
Massachusetts,Reading,1
Massachusetts,Revere,2
Massachusetts,Rockland,1
Massachusetts,Roslindale,2
Massachusetts,Rowley,1
Massachusetts,Roxbury,1
Massachusetts,Salem,6
Massachusetts,Salisbury,1
Massachusetts,Sandwich,2
Massachusetts,Saugus,2
Massachusetts,Scituate,1
Massachusetts,Seekonk,2
Massachusetts,Sharon,1
Massachusetts,Shrewsbury,2
Massachusetts,Somerset,1
Massachusetts,Somerville,3
Massachusetts,South Attleboro,1
Massachusetts,South Boston,1
Massachusetts,Southbridge,1
Massachusetts,South Dartmouth,1
Massachusetts,South Dennis,1
Massachusetts,South Easton,1
Massachusetts,South Weymouth,2
Massachusetts,Southwick,1
Massachusetts,South Yarmouth,2
Massachusetts,Spencer,1
Massachusetts,Springfield,6
Massachusetts,Stoneham,2
Massachusetts,Stoughton,2
Massachusetts,Sturbridge,1
Massachusetts,Sudbury,1
Massachusetts,Swampscott,1
Massachusetts,Swansea,2
Massachusetts,Taunton,4
Massachusetts,Tewksbury,2
Massachusetts,Uxbridge,1
Massachusetts,Wakefield,1
Massachusetts,Walpole,1
Massachusetts,Waltham,3
Massachusetts,Ware,1
Massachusetts,Wareham,3
Massachusetts,Watertown,4
Massachusetts,Wayland,2
Massachusetts,Webster,1
Massachusetts,Wellesley,4
Massachusetts,Westboro,1
Massachusetts,Westborough,1
Massachusetts,West Boylston,1
Massachusetts,West Bridgewater,1
Massachusetts,Westfield,2
Massachusetts,Westford,1
Massachusetts,West Newton,1
Massachusetts,Westport,1
Massachusetts,West Roxbury,2
Massachusetts,West Springfield,3
Massachusetts,Westwood,2
Massachusetts,West Yarmouth,1
Massachusetts,Weymouth,3
Massachusetts,Whitinsville,1
Massachusetts,Whitman,1
Massachusetts,Wilbraham,1
Massachusetts,Wilmington,2
Massachusetts,Winchendon,1
Massachusetts,Winchester,1
Massachusetts,Winthrop,1
Massachusetts,Woburn,3
Massachusetts,Wollaston,1
Massachusetts,Worcester,10
Massachusetts,Wrentham,1
Maryland,Aberdeen,1
Maryland,Abingdon,1
Maryland,Annapolis,5
Maryland,Arnold,1
Maryland,Ashton,1
Maryland,Baltimore,29
Maryland,Belair,1
Maryland,Bel Air,1
Maryland,Beltsville,2
Maryland,Bethesda,5
Maryland,Bowie,5
Maryland,Brandywine,1
Maryland,Bryans Road,1
Maryland,Burtonsville,1
Maryland,California,2
Maryland,Camp Springs,1
Maryland,Capital Heights,1
Maryland,Catonsville,1
Maryland,Chesapeake Beach,1
Maryland,Chester,1
Maryland,Clarksville,1
Maryland,Clinton,1
Maryland,Cockeysville,1
Maryland,College Park,3
Maryland,Colmar Manor,1
Maryland,Columbia,3
Maryland,Crofton,1
Maryland,Cumberland,1
Maryland,Damascus,1
Maryland,Derwood,1
Maryland,District Height,1
Maryland,District Heights,1
Maryland,Dunkirk,1
Maryland,Easton,2
Maryland,Edgewater,1
Maryland,Edgewood,1
Maryland,Eldersburg,1
Maryland,Elkridge,1
Maryland,Elkton,1
Maryland,Ellicott City,2
Maryland,Fallston,1
Maryland,Forest Hill,1
Maryland,Forestville,1
Maryland,Fort Washington,2
Maryland,Frederick,7
Maryland,Fulton,1
Maryland,Gaithersburg,6
Maryland,Gambrills,1
Maryland,Germantown,4
Maryland,Glenarden,1
Maryland,Glen Burnie,4
Maryland,Greenbelt,3
Maryland,Hagerstown,7
Maryland,Hampstead,1
Maryland,Hanover,1
Maryland,Havre De Grace,1
Maryland,Hillcrest Heights,1
Maryland,Hollywood,1
Maryland,Hyattsville,3
Maryland,Jessup,1
Maryland,Kensington,1
Maryland,Landover,1
Maryland,Landover Hills,1
Maryland,Langley Park,1
Maryland,La Plata,2
Maryland,Laurel,3
Maryland,La Vale,1
Maryland,Leonardtown,1
Maryland,Lexington,1
Maryland,Mechanicsville,1
Maryland,Middle River,1
Maryland,Middletown,1
Maryland,Millersville,1
Maryland,Mount Airy,1
Maryland,National Harbor,1
Maryland,New Carrollton,1
Maryland,New Market,1
Maryland,Nottingham,2
Maryland,Oakland,1
Maryland,Ocean City,3
Maryland,Odenton,1
Maryland,Olney,1
Maryland,Owings Mills,2
Maryland,Oxon Hill,3
Maryland,Palmer Park,1
Maryland,Parkville,1
Maryland,Pasadena,2
Maryland,Perry Hall,1
Maryland,Pikesville,1
Maryland,Poolesville,1
Maryland,Reisterstown,1
Maryland,Riverdale,1
Maryland,Rockville,10
Maryland,Salisbury,2
Maryland,Seabrook,1
Maryland,Seat Pleasant,2
Maryland,Severn,2
Maryland,Severna Park,1
Maryland,Silver Spring,11
Maryland,Solomons Island,1
Maryland,Taneytown,1
Maryland,Thurmont,1
Maryland,Towson,3
Maryland,Upper Marlboro,5
Maryland,Urbana,1
Maryland,Waldorf,4
Maryland,Walkersville,1
Maryland,West Hyattsville,1
Maryland,Westminster,2
Maryland,Wheaton,3
Maryland,White Plains,1
Maine,Auburn,1
Maine,Augusta,2
Maine,Bangor,1
Maine,Bath,1
Maine,Biddeford,2
Maine,Brunswick,1
Maine,Cape Elizabeth,1
Maine,Freeport,1
Maine,Kennebunk,1
Maine,Lewiston,2
Maine,North Windham,1
Maine,Portland,4
Maine,Sanford,1
Maine,South Portland,2
Maine,Topsham,1
Maine,Waterville,1
Maine,Wells,1
Maine,Westbrook,1
Michigan,Adrian,1
Michigan,Algonac,1
Michigan,Allen Park,2
Michigan,Ann Arbor,7
Michigan,Auburn Hills,1
Michigan,Battle Creek,2
Michigan,Bay City,1
Michigan,Belleville,2
Michigan,Berkley,1
Michigan,Birmingham,2
Michigan,Bloomfield Hills,3
Michigan,Bloomfield Township,1
Michigan,Brighton,3
Michigan,Brooklyn,1
Michigan,Brownstown,1
Michigan,Brownstown Township,1
Michigan,Caledonia,1
Michigan,Canton,5
Michigan,Canton Township,1
Michigan,Centerline,1
Michigan,Charlotte,1
Michigan,Chelsea,1
Michigan,Chesterfield,2
Michigan,Chesterfield Township,1
Michigan,Clarkston,1
Michigan,Clawson,2
Michigan,Clinton Township,5
Michigan,Coldwater,1
Michigan,Commerce,1
Michigan,Commerce Township,1
Michigan,Dearborn,6
Michigan,Dearborn Heights,3
Michigan,Detroit,24
Michigan,Eastpointe,2
Michigan,Farmington,1
Michigan,Farmington Hills,6
Michigan,Fenton,1
Michigan,Ferndale,2
Michigan,Flat Rock,1
Michigan,Fort Gratiot,1
Michigan,Frankenmuth,1
Michigan,Fraser,1
Michigan,Garden City,1
Michigan,Grand Rapids,6
Michigan,Grandville,1
Michigan,Grosse Ile Township,1
Michigan,Grosse Pointe,1
Michigan,Grosse Pointe Woods,1
Michigan,Hamburg,1
Michigan,Hamtramck,1
Michigan,Harper Woods,1
Michigan,Harrison Township,1
Michigan,Hazel Park,1
Michigan,Highland,1
Michigan,Highland Park,1
Michigan,Holland,2
Michigan,Holly,1
Michigan,Holt,1
Michigan,Howell,4
Michigan,Imlay City,1
Michigan,Independence,2
Michigan,Inkster,1
Michigan,Jackson,2
Michigan,Kalamazoo,2
Michigan,Kimball Township,1
Michigan,Lake Orion,1
Michigan,Lansing,5
Michigan,Lincoln Park,2
Michigan,Livonia,6
Michigan,Macomb,2
Michigan,Macomb Township,3
Michigan,Madison Heights,3
Michigan,Marine City,1
Michigan,Marquette,1
Michigan,Melvindale,1
Michigan,Menominee,1
Michigan,Midland,1
Michigan,Milan,1
Michigan,Milford,1
Michigan,Monroe,1
Michigan,Montrose,1
Michigan,Mount Pleasant,1
Michigan,Mt Clemens,1
Michigan,Muskegon,2
Michigan,New Baltimore,2
Michigan,Northville,2
Michigan,Northville Township,1
Michigan,Novi,5
Michigan,Oakland Township,1
Michigan,Oak Park,1
Michigan,Okemos,1
Michigan,Orion Township,1
Michigan,Plymouth,2
Michigan,Plymouth Township,1
Michigan,Pontiac,1
Michigan,Portage,1
Michigan,Port Huron,2
Michigan,Redford,3
Michigan,Richmond,1
Michigan,Rochester Hills,5
Michigan,Romeo,1
Michigan,Romulus,1
Michigan,Roseville,1
Michigan,Royal Oak,3
Michigan,Saginaw,1
Michigan,Saint Clair,1
Michigan,Saint Clair Shores,3
Michigan,Saline,1
Michigan,Shelby Township,8
Michigan,Southfield,7
Michigan,Southgate,3
Michigan,South Lyon,3
Michigan,St Joseph,1
Michigan,St Clair Shores,1
Michigan,Sterling Heights,6
Michigan,Sylvan Lake,1
Michigan,Taylor,4
Michigan,Tecumseh,1
Michigan,Traverse City,2
Michigan,Trenton,2
Michigan,Troy,5
Michigan,Walker,1
Michigan,Walled Lake,2
Michigan,Warren,8
Michigan,Waterford,3
Michigan,Waterford Township,1
Michigan,Wayne,2
Michigan,West Bloomfield,2
Michigan,West Bloomfield Township,1
Michigan,Westland,8
Michigan,White Lake,1
Michigan,Wixom,1
Michigan,Woodhaven,1
Michigan,Wyandotte,2
Michigan,Wyoming,4
Michigan,Ypsilanti,5
Minnesota,Aitkin,1
Minnesota,Albany,1
Minnesota,Alexandria,1
Minnesota,Andover,2
Minnesota,Anoka,1
Minnesota,Apple Valley,4
Minnesota,Baxter,1
Minnesota,Bemidji,2
Minnesota,Blaine,2
Minnesota,Bloomington,2
Minnesota,Brooklyn Center,1
Minnesota,Brooklyn Park,2
Minnesota,Buffalo,1
Minnesota,Burnsville,2
Minnesota,Cambridge,1
Minnesota,Champlin,1
Minnesota,Chanhassen,2
Minnesota,Chaska,1
Minnesota,Coon Rapids,4
Minnesota,Cottage Grove,1
Minnesota,Crystal,1
Minnesota,Delano,1
Minnesota,Detroit Lakes,1
Minnesota,Diworth,1
Minnesota,Duluth,3
Minnesota,Eagan,2
Minnesota,Eden Prairie,2
Minnesota,Edina,2
Minnesota,Farmington,1
Minnesota,Forest Lake,1
Minnesota,Fridley,2
Minnesota,Grand Rapids,1
Minnesota,Hastings,1
Minnesota,Hutchinson,1
Minnesota,Inver Grove Heights,1
Minnesota,Lakeville,3
Minnesota,Lino Lakes,1
Minnesota,Little Canada,1
Minnesota,Mankato,3
Minnesota,Maple Grove,2
Minnesota,Maplewood,1
Minnesota,Medina,1
Minnesota,Minneapolis,11
Minnesota,Minnetonka,2
Minnesota,Monticello,1
Minnesota,Moorhead,2
Minnesota,Mounds View,1
Minnesota,New Hope,2
Minnesota,Northfield,1
Minnesota,North Saint Paul,1
Minnesota,Oakdale,1
Minnesota,Otsego,1
Minnesota,Owatonna,1
Minnesota,Plymouth,3
Minnesota,Red Wing,1
Minnesota,Richfield,2
Minnesota,Robbinsdale,1
Minnesota,Rochester,2
Minnesota,Rogers,2
Minnesota,Roseville,1
Minnesota,Saint Cloud,2
Minnesota,Saint Paul,6
Minnesota,Savage,1
Minnesota,Shakopee,2
Minnesota,Shoreview,1
Minnesota,St Cloud,1
Minnesota,Stillwater,1
Minnesota,St Louis Park,2
Minnesota,St Michael,1
Minnesota,St Paul,1
Minnesota,Vadnais Heights,1
Minnesota,Virginia,1
Minnesota,Waconia,1
Minnesota,West Saint Paul,2
Minnesota,White Bear Lake,2
Minnesota,Willmar,1
Minnesota,Winona,1
Minnesota,Woodbury,4
Missouri,Affton,1
Missouri,Arnold,4
Missouri,Ballwin,4
Missouri,Belton,2
Missouri,Blue Springs,4
Missouri,Branson,2
Missouri,Brentwood,2
Missouri,Bridgeton,2
Missouri,Cape Girardeau,3
Missouri,Carrollton,1
Missouri,Chesterfield,5
Missouri,Clayton,1
Missouri,Clinton,1
Missouri,Columbia,2
Missouri,Concord Village,1
Missouri,Cottleville,1
Missouri,Crestwood,1
Missouri,Creve Coeur,2
Missouri,Crystal City,1
Missouri,Dardenne Prairie,2
Missouri,Ellisville,1
Missouri,Eureka,1
Missouri,Excelsior Springs,1
Missouri,Farmington,2
Missouri,Fenton,2
Missouri,Ferguson,1
Missouri,Festus,1
Missouri,Florissant,8
Missouri,Fulton,1
Missouri,Gladstone,2
Missouri,Grandview,1
Missouri,Hannibal,1
Missouri,Harrisonville,1
Missouri,High Ridge,1
Missouri,Independence,6
Missouri,Ironton,1
Missouri,Jefferson City,2
Missouri,Jennings,1
Missouri,Joplin,2
Missouri,Kansas City,27
Missouri,Kearney,1
Missouri,Kirkwood,2
Missouri,Ladue,2
Missouri,Lake Ozark,1
Missouri,Lake St Louis,1
Missouri,Lees Summit,5
Missouri,Lexington,1
Missouri,Liberty,1
Missouri,Macon,1
Missouri,Maplewood,1
Missouri,Marshall,1
Missouri,Maryland Heights,1
Missouri,Nixa,1
Missouri,North Kansas City,1
Missouri,fallon,5
Missouri,Odessa,1
Missouri,Ofallon,1
Missouri,Fallon,1
Missouri,Olivette,1
Missouri,Osage Beach,1
Missouri,Overland,1
Missouri,Pacific,1
Missouri,Platte City,1
Missouri,Plattsburg,1
Missouri,Poplar Bluff,1
Missouri,Raymore,1
Missouri,Raytown,2
Missouri,Richmond,1
Missouri,Richmond Heights,1
Missouri,Rock Hill,1
Missouri,Rolla,1
Missouri,Saint Charles,1
Missouri,Saint Joseph,1
Missouri,Saint Louis,2
Missouri,Saint Peters,1
Missouri,Salisbury,1
Missouri,Sedalia,1
Missouri,Sikeston,1
Missouri,Springfield,6
Missouri,St Charles,4
Missouri,St Genevieve,1
Missouri,St John,1
Missouri,St joseph,1
Missouri,St Joseph,2
Missouri,St Louis,19
Missouri,St Peters,4
Missouri,St Louis,3
Missouri,St Peters,1
Missouri,Union,1
Missouri,University City,1
Missouri,Warrensburg,1
Missouri,Washington,2
Missouri,Webster Groves,2
Missouri,Wentzille,1
Missouri,Wentzville,2
Missouri,West Plains,1
Mississippi,Booneville,1
Mississippi,Brandon,1
Mississippi,Carthage,1
Mississippi,Clinton,1
Mississippi,Diamondhead,1
Mississippi,Diberville,2
Mississippi,Flowood,2
Mississippi,Forest,1
Mississippi,Greenville,1
Mississippi,Greenwood,1
Mississippi,Grenada,1
Mississippi,Gulfport,3
Mississippi,Hattiesburg,4
Mississippi,Holly Springs,1
Mississippi,Horn Lake,1
Mississippi,Hurley,1
Mississippi,Jackson,5
Mississippi,Kosciusko,1
Mississippi,Laurel,1
Mississippi,Madison,2
Mississippi,Mccomb,1
Mississippi,Meridian,2
Mississippi,Natchez,1
Mississippi,Ocean Springs,1
Mississippi,Olive Branch,3
Mississippi,Oxford,1
Mississippi,Pascagoula,1
Mississippi,Pearl,1
Mississippi,Picayune,1
Mississippi,Pontotoc,1
Mississippi,Richland,1
Mississippi,Ridgeland,1
Mississippi,Ripley,1
Mississippi,Southaven,3
Mississippi,Starkville,1
Mississippi,Tupelo,1
Mississippi,Vicksburg,1
Mississippi,Walls,1
Mississippi,West Point,1
Mississippi,Yazoo City,1
Montana,Anaconda,1
Montana,Billings,6
Montana,Bozeman,1
Montana,Butte,1
Montana,Great Falls,1
Montana,Helena,3
Montana,Laurel,1
Montana,Missoula,2
Nebraska,Bellevue,2
Nebraska,Columbus,1
Nebraska,Grand Island,1
Nebraska,Kearney,1
Nebraska,Lavista,1
Nebraska,Lincoln,9
Nebraska,Norfolk,1
Nebraska,Omaha,13
Nebraska,Papillion,1
Nevada,Boulder City,1
Nevada,Carson City,3
Nevada,Elko,1
Nevada,Fallon,1
Nevada,Henderson,13
Nevada,Las Vegas,53
Nevada,North Las Vegas,7
Nevada,Pahrump,1
Nevada,Reno,12
Nevada,Sparks,5
Nevada,Stateline,1
Nevada,Sun Valley,1
Ohio,Akron,9
Ohio,Amelia,1
Ohio,Amherst,1
Ohio,Ashland,1
Ohio,Ashtabula,1
Ohio,Athens,2
Ohio,Aurora,2
Ohio,Avon,2
Ohio,Avon Lake,1
Ohio,Barberton,1
Ohio,Bay Village,1
Ohio,Beavercreek,2
Ohio,Bedford,1
Ohio,Bellefontaine,1
Ohio,Bellevue,1
Ohio,Belpre,1
Ohio,Berea,1
Ohio,Berlin,1
Ohio,Bethel,1
Ohio,Blanchester,1
Ohio,Blue Ash,1
Ohio,Bluffton,1
Ohio,Boardman,2
Ohio,Bowling Green,1
Ohio,Brecksville,1
Ohio,Brookpark,1
Ohio,Brookville,1
Ohio,Brunswick,1
Ohio,Bryan,1
Ohio,Bucyrus,1
Ohio,Cambridge,1
Ohio,Canal Winchester,1
Ohio,Canfield,1
Ohio,Canton,2
Ohio,Celina,1
Ohio,Centerville,1
Ohio,Chagrin Falls,2
Ohio,Chardon,1
Ohio,Chesapeake,1
Ohio,Chesterland,1
Ohio,Cheviot,1
Ohio,Chillicothe,2
Ohio,Cincinnati,19
Ohio,Circleville,1
Ohio,Cleveland,14
Ohio,Cleveland Heigh,1
Ohio,Cleveland Heights,1
Ohio,Colerain Township,1
Ohio,Columbus,34
Ohio,Conneaut,1
Ohio,Copley,1
Ohio,Coshocton,1
Ohio,Cuyahoga Falls,3
Ohio,Dayton,10
Ohio,Delaware,2
Ohio,Dennison,1
Ohio,Dover,1
Ohio,Doylestown,1
Ohio,Dublin,3
Ohio,Eaton,1
Ohio,Elyria,2
Ohio,Euclid,1
Ohio,Fairborn,2
Ohio,Fairfield,1
Ohio,Fairlawn,1
Ohio,Fairview Park,1
Ohio,Findlay,1
Ohio,Franklin,2
Ohio,Fremont,1
Ohio,Gahanna,2
Ohio,Gallipolis,1
Ohio,Galloway,1
Ohio,Garfield Heights,1
Ohio,Geneva,1
Ohio,Georgetown,1
Ohio,Germantown,1
Ohio,Gibsonburg,1
Ohio,Granville,1
Ohio,Green,1
Ohio,Greenville,1
Ohio,Grove City,4
Ohio,Hamilton,4
Ohio,Harrison,1
Ohio,Hartville,1
Ohio,Hartwell,1
Ohio,Heath,1
Ohio,Hilliard,5
Ohio,Hillsboro,1
Ohio,Hinkley,1
Ohio,Hubbard,1
Ohio,Huber Heights,2
Ohio,Hudson,1
Ohio,Independence,1
Ohio,Ironton,2
Ohio,Jackson,1
Ohio,Johnstown,1
Ohio,Kent,1
Ohio,Kenton,1
Ohio,Ketterin,1
Ohio,Kettering,1
Ohio,Lakewood,2
Ohio,Lancaster,2
Ohio,Landen,1
Ohio,Lebanon,1
Ohio,Lewis Center,1
Ohio,Lima,2
Ohio,Lodi,1
Ohio,Logan,1
Ohio,London,1
Ohio,Lorain,1
Ohio,Loveland,1
Ohio,Lyndhurst,1
Ohio,Maineville,1
Ohio,Mansfield,4
Ohio,Marietta,1
Ohio,Marion,2
Ohio,Martins Ferry,1
Ohio,Marysville,1
Ohio,Mason,1
Ohio,Massillon,2
Ohio,Mayfield Heights,3
Ohio,Mayfield Village,1
Ohio,Medina,2
Ohio,Mentor,3
Ohio,Miamisburg,1
Ohio,Middleburg,1
Ohio,Middlefield,1
Ohio,Middletown,3
Ohio,Milford,3
Ohio,Mogadore,1
Ohio,Montgomery,1
Ohio,Moraine,1
Ohio,Mount Healthy,1
Ohio,Mount Vernon,1
Ohio,New Albany,1
Ohio,Newark,3
Ohio,New Boston,1
Ohio,New Carlisle,1
Ohio,New Lebanon,1
Ohio,New Lexington,1
Ohio,Niles,2
Ohio,North Canton,2
Ohio,Northfield,2
Ohio,Northfield Center,1
Ohio,North Olmsted,3
Ohio,North Ridgeville,1
Ohio,North Royalton,2
Ohio,Norton,1
Ohio,Norwalk,1
Ohio,Norwood,1
Ohio,Oak Hill,1
Ohio,Oakwood,1
Ohio,Oberlin,1
Ohio,Olmsted Township,1
Ohio,Oregon,1
Ohio,Orrville,1
Ohio,Oxford,1
Ohio,Painesville,3
Ohio,Parma,3
Ohio,Pataskala,1
Ohio,Pickerington,1
Ohio,Piqua,1
Ohio,Portsmouth,2
Ohio,Powell,3
Ohio,Ravenna,1
Ohio,Reading,1
Ohio,Reynoldsburg,4
Ohio,Richmond Heights,1
Ohio,Rocky River,1
Ohio,Rossford,1
Ohio,Saint Clairsville,1
Ohio,Sandusky,2
Ohio,Shaker Heights,2
Ohio,Sharonville,1
Ohio,Shreve,1
Ohio,Sidney,1
Ohio,Silverton,1
Ohio,Solon,1
Ohio,South Euclid,1
Ohio,South Lebanon,1
Ohio,Springboro,1
Ohio,Springdale,2
Ohio,Springfield,3
Ohio,Steubenville,1
Ohio,Stow,2
Ohio,Streetsboro,2
Ohio,Strongsville,2
Ohio,Struthers,1
Ohio,Sunbury,1
Ohio,Sylvania,1
Ohio,Tiffin,1
Ohio,Tipp City,1
Ohio,Toledo,3
Ohio,Trotwood,1
Ohio,Troy,1
Ohio,Twinsburg,2
Ohio,Union,1
Ohio,University Heights,3
Ohio,Upper Arlington,2
Ohio,Urbana,1
Ohio,Van Wert,1
Ohio,Wadsworth,2
Ohio,Wapakoneta,1
Ohio,Warren,2
Ohio,Warrensville Heights,1
Ohio,Washington Court House,1
Ohio,Waverly,1
Ohio,West Chester,2
Ohio,Westerville,3
Ohio,Westlake,1
Ohio,Whitehall,2
Ohio,Willoughby,2
Ohio,Willoughby Hills,1
Ohio,Wilmington,1
Ohio,Woodmere Village,1
Ohio,Woodville,1
Ohio,Wooster,1
Ohio,Worthington,2
Ohio,Xenia,1
Ohio,Youngstown,1
Ohio,Zanesville,2
Oklahoma,Ardmore,1
Oklahoma,Bartlesville,1
Oklahoma,Broken Arrow,4
Oklahoma,Chickasha,1
Oklahoma,Choctaw,1
Oklahoma,Claremore,1
Oklahoma,Del City,1
Oklahoma,Duncan,1
Oklahoma,Durant,1
Oklahoma,Edmond,6
Oklahoma,Enid,1
Oklahoma,Jenks,1
Oklahoma,Lawton,3
Oklahoma,Mcalester,1
Oklahoma,Midwest City,3
Oklahoma,Moore,3
Oklahoma,Muskogee,1
Oklahoma,Mustang,1
Oklahoma,Norman,5
Oklahoma,Oklahoma City,16
Oklahoma,Owasso,2
Oklahoma,Sand Springs,1
Oklahoma,Shawnee,1
Oklahoma,Stillwater,1
Oklahoma,The Village,1
Oklahoma,Tulsa,14
Oklahoma,Warr Acres,2
Oklahoma,Yukon,3
Oregon,Albany,1
Oregon,Beaverton,2
Oregon,Clackamas,1
Oregon,Eugene,1
Oregon,Fairview,1
Oregon,Hillsboro,1
Oregon,Keizer,1
Oregon,Medford,1
Oregon,Portland,8
Oregon,Salem,1
Oregon,Sherwood,1
Oregon,Springfield,1
Oregon,Tigard,1
Oregon,Wilsonville,1
Pennsylvania,Abington,1
Pennsylvania,Aliquippa,2
Pennsylvania,Allentown,10
Pennsylvania,Allison Park,1
Pennsylvania,Altoona,1
Pennsylvania,Ambler,2
Pennsylvania,Ambridge,1
Pennsylvania,Ardmore,1
Pennsylvania,Aston Township,1
Pennsylvania,Audubon,1
Pennsylvania,Bala Cynwyd,2
Pennsylvania,Bangor,1
Pennsylvania,Beaver Falls,1
Pennsylvania,Bedford,1
Pennsylvania,Bellefonte,1
Pennsylvania,Belle Vernon,1
Pennsylvania,Bellevue,1
Pennsylvania,Bensalem,4
Pennsylvania,Berwick,1
Pennsylvania,Berwyn,1
Pennsylvania,Bethel Park,1
Pennsylvania,Bethlehem,6
Pennsylvania,Blakeslee,1
Pennsylvania,Blandon,1
Pennsylvania,Bloomsburg,1
Pennsylvania,Blue Bell,2
Pennsylvania,Boyertown,1
Pennsylvania,Bradford,1
Pennsylvania,Brodheadsville,1
Pennsylvania,Brookhaven,1
Pennsylvania,Broomall,2
Pennsylvania,Burnham,1
Pennsylvania,Butler,1
Pennsylvania,Camp Hill,2
Pennsylvania,Carbondale,1
Pennsylvania,Carlisle,3
Pennsylvania,Carnegie,1
Pennsylvania,Chalfont,2
Pennsylvania,Chambersburg,3
Pennsylvania,Cheltenham,1
Pennsylvania,Chester Springs,1
Pennsylvania,Clarion,1
Pennsylvania,Clarks Summit,1
Pennsylvania,Clearfield,1
Pennsylvania,Coatesville,1
Pennsylvania,Collegeville,1
Pennsylvania,Columbia,1
Pennsylvania,Conshohocken,1
Pennsylvania,Coopersburg,1
Pennsylvania,Corry,1
Pennsylvania,Crafton,1
Pennsylvania,Cranberry,1
Pennsylvania,Cranberry Twp,1
Pennsylvania,Cresco,1
Pennsylvania,Croydon,1
Pennsylvania,Dallas,1
Pennsylvania,Danville,1
Pennsylvania,Dickson City,2
Pennsylvania,Dormont,1
Pennsylvania,Douglassville,1
Pennsylvania,Dover,1
Pennsylvania,Downingtown,2
Pennsylvania,Doylestown,3
Pennsylvania,Dresher,1
Pennsylvania,Drexel Hill,2
Pennsylvania,Dubois,1
Pennsylvania,Dunmore,1
Pennsylvania,Easton,6
Pennsylvania,East Stroudsburg,4
Pennsylvania,East Vincent,1
Pennsylvania,Edinboro,1
Pennsylvania,Effort,1
Pennsylvania,Elizabethtown,1
Pennsylvania,Elizabethville,1
Pennsylvania,Ellwood City,1
Pennsylvania,Emmaus,1
Pennsylvania,Enola,1
Pennsylvania,Ephrata,1
Pennsylvania,Erdenheim,1
Pennsylvania,Erie,8
Pennsylvania,Exeter,1
Pennsylvania,Exton,4
Pennsylvania,Fairless Hills,1
Pennsylvania,Feasterville,1
Pennsylvania,Folsom,1
Pennsylvania,Franconia,1
Pennsylvania,Frazer,1
Pennsylvania,Freeland,1
Pennsylvania,Gettysburg,1
Pennsylvania,Gibsonia,1
Pennsylvania,Gilbertsville,1
Pennsylvania,Glen Mills,2
Pennsylvania,Glenn Mills,1
Pennsylvania,Glenolden,1
Pennsylvania,Glenside,1
Pennsylvania,Greencastle,1
Pennsylvania,Greensburg,1
Pennsylvania,Hamlin,1
Pennsylvania,Hanover,2
Pennsylvania,Hanover Township,1
Pennsylvania,Harrisburg,9
Pennsylvania,Hatboro,1
Pennsylvania,Hatfield,1
Pennsylvania,Havertown,2
Pennsylvania,Hawley,1
Pennsylvania,Hazelton,1
Pennsylvania,Hazleton,1
Pennsylvania,Hellertown,1
Pennsylvania,Hershey,1
Pennsylvania,Homestead,1
Pennsylvania,Honesdale,1
Pennsylvania,Horsham,1
Pennsylvania,Hummelstown,1
Pennsylvania,Huntingdon Valley,1
Pennsylvania,Indiana,1
Pennsylvania,Jamison,1
Pennsylvania,Jenkintown,1
Pennsylvania,Jersey Shore,1
Pennsylvania,Johnsonburg,1
Pennsylvania,Johnstown,1
Pennsylvania,Kennet Square,1
Pennsylvania,King Of Prussia,2
Pennsylvania,Kingston,1
Pennsylvania,Kutztown,1
Pennsylvania,Lancaster,12
Pennsylvania,Landenberg,1
Pennsylvania,Landisville,1
Pennsylvania,Langhorne,2
Pennsylvania,Lansdale,4
Pennsylvania,Lansdowne,1
Pennsylvania,Latrobe,1
Pennsylvania,Lebanon,3
Pennsylvania,Leesport,1
Pennsylvania,Lemoyne,1
Pennsylvania,Levittown,1
Pennsylvania,Lewisburg,1
Pennsylvania,Lewistown,1
Pennsylvania,Lima,1
Pennsylvania,Limerick,1
Pennsylvania,Lititz,3
Pennsylvania,Lock Haven,1
Pennsylvania,Lower Makefield,1
Pennsylvania,Macungie,1
Pennsylvania,Malvern,1
Pennsylvania,Manchester,1
Pennsylvania,Manheim,1
Pennsylvania,Mansfield,1
Pennsylvania,Maple Glen,1
Pennsylvania,Mars,1
Pennsylvania,Masontown,1
Pennsylvania,Mckeesport,1
Pennsylvania,Mckees Rocks,1
Pennsylvania,Mcmurray,1
Pennsylvania,Meadville,1
Pennsylvania,Mechanicsburg,5
Pennsylvania,Media,1
Pennsylvania,Middletown,1
Pennsylvania,Mifflinburg,1
Pennsylvania,Millersburg,1
Pennsylvania,Milton,1
Pennsylvania,Monaca,2
Pennsylvania,Monroeville,2
Pennsylvania,Morrisville,1
Pennsylvania,Mount Carmel,1
Pennsylvania,Mount Joy,1
Pennsylvania,Mount Lebanon,1
Pennsylvania,Mount Pleasant,1
Pennsylvania,Mount Pocono,1
Pennsylvania,Muncy,2
Pennsylvania,Nanticoke,1
Pennsylvania,Natrona Heights,1
Pennsylvania,Nazareth,1
Pennsylvania,Nesquehoning,1
Pennsylvania,New Castle,2
Pennsylvania,New Cumberland,1
Pennsylvania,New Holland,1
Pennsylvania,New Hope,1
Pennsylvania,New Kensington,1
Pennsylvania,Newtown,1
Pennsylvania,Newtown Square,1
Pennsylvania,Norristown,2
Pennsylvania,Northampton,1
Pennsylvania,North East,1
Pennsylvania,North Huntingdon,1
Pennsylvania,Northumberland,1
Pennsylvania,North Wales,1
Pennsylvania,Nottingham,1
Pennsylvania,Oil City,1
Pennsylvania,Old Forge,1
Pennsylvania,Ottsville,1
Pennsylvania,Palmyra,1
Pennsylvania,Paoli,1
Pennsylvania,Parkesburg,1
Pennsylvania,Pennsburg,1
Pennsylvania,Perkasie,2
Pennsylvania,Philadelphia,60
Pennsylvania,Philipsburg,1
Pennsylvania,Phoenixville,2
Pennsylvania,Pittsburgh,19
Pennsylvania,Pittston,1
Pennsylvania,Plymouth,1
Pennsylvania,Plymouth Meeting,2
Pennsylvania,Pottstown,4
Pennsylvania,Pottsville,2
Pennsylvania,Prospect Park,1
Pennsylvania,Quakertown,2
Pennsylvania,Reading,6
Pennsylvania,Red Lion,1
Pennsylvania,Richboro,1
Pennsylvania,Richeyville,1
Pennsylvania,Richland,1
Pennsylvania,Ridley,1
Pennsylvania,Rosemont,1
Pennsylvania,Roxborough,1
Pennsylvania,Royersford,2
Pennsylvania,Sayre,1
Pennsylvania,Schnecksville,1
Pennsylvania,Schwenksville,1
Pennsylvania,Scranton,4
Pennsylvania,Secane,1
Pennsylvania,Selinsgrove,2
Pennsylvania,Shamokin,1
Pennsylvania,Sharon Hill,1
Pennsylvania,Shickshinny,1
Pennsylvania,Shippensburg,1
Pennsylvania,Shoemakersville,1
Pennsylvania,Shrewsbury,1
Pennsylvania,Sinking Spring,1
Pennsylvania,Somerset,1
Pennsylvania,Souderton,1
Pennsylvania,South Williamsport,1
Pennsylvania,Springfield,4
Pennsylvania,Spring House,1
Pennsylvania,State College,5
Pennsylvania,Stroudsburg,2
Pennsylvania,Sunbury,1
Pennsylvania,Susquehanna,1
Pennsylvania,Swarthmore,1
Pennsylvania,Swissvale,1
Pennsylvania,Tannersville,1
Pennsylvania,Temple,1
Pennsylvania,Thorndale,1
Pennsylvania,Titusville,1
Pennsylvania,Towanda,1
Pennsylvania,Tunkhannock,1
Pennsylvania,Turtle Creek,1
Pennsylvania,Uniontown,2
Pennsylvania,Upper Chicheste,1
Pennsylvania,Warminster,3
Pennsylvania,Warren,1
Pennsylvania,Warrington,1
Pennsylvania,Washington,1
Pennsylvania,Watsontown,1
Pennsylvania,Wayne,2
Pennsylvania,Waynesboro,1
Pennsylvania,Waynesburg,1
Pennsylvania,Wellsboro,1
Pennsylvania,West Chester,6
Pennsylvania,West Grove,1
Pennsylvania,West Mifflin,1
Pennsylvania,Wexford,1
Pennsylvania,Whitehall,1
Pennsylvania,Wilkes barre,1
Pennsylvania,Wilkes barre Township,1
Pennsylvania,Wilkinsburg,1
Pennsylvania,Williamsport,1
Pennsylvania,Willow Grove,1
Pennsylvania,Wind Gap,1
Pennsylvania,Womelsdorf,1
Pennsylvania,Woodlyn,1
Pennsylvania,Wrightstown,1
Pennsylvania,Wynnewood,1
Pennsylvania,Wyoming,1
Pennsylvania,Wyomissing,1
Pennsylvania,Yardley,2
Pennsylvania,Yeadon,1
Pennsylvania,York,6
Pennsylvania,Zieglersville,1
Tennessee,Alcoa,1
Tennessee,Antioch,1
Tennessee,Arlington,1
Tennessee,Athens,2
Tennessee,Bartlett,1
Tennessee,Brentwood,2
Tennessee,Bristol,3
Tennessee,Chattanooga,11
Tennessee,Cleveland,5
Tennessee,Clinton,1
Tennessee,Collierville,1
Tennessee,Columbia,2
Tennessee,Cookeville,2
Tennessee,Cordova,1
Tennessee,Corryton,1
Tennessee,Crossville,1
Tennessee,Decherd,1
Tennessee,Dickson,1
Tennessee,Dresden,1
Tennessee,Dyersburg,1
Tennessee,East Ridge,1
Tennessee,Elizabethton,2
Tennessee,Erwin,1
Tennessee,Farragut,1
Tennessee,Fayetteville,1
Tennessee,Fountain City knoxville,1
Tennessee,Franklin,5
Tennessee,Gallatin,1
Tennessee,Germantown,1
Tennessee,Greeneville,3
Tennessee,Halls Crossroads,1
Tennessee,Harriman,1
Tennessee,Hendersonville,2
Tennessee,Hermitage,1
Tennessee,Hixson,3
Tennessee,Jackson,2
Tennessee,Jasper,1
Tennessee,Jefferson City,1
Tennessee,Johnson City,4
Tennessee,Kingsport,5
Tennessee,Knoxville,16
Tennessee,Lafollette,1
Tennessee,Lavergne,1
Tennessee,Lawrenceburg,1
Tennessee,Lebanon,1
Tennessee,Lenoir City,1
Tennessee,Madison,3
Tennessee,Madisonville,1
Tennessee,Martin,1
Tennessee,Maryville,3
Tennessee,Memphis,9
Tennessee,Monteagle,1
Tennessee,Morristown,2
Tennessee,Mount Juliet,1
Tennessee,Murfreesboro,4
Tennessee,Nashville,13
Tennessee,Newport,1
Tennessee,Oak Ridge,1
Tennessee,Paris,1
Tennessee,Pigeon Forge,1
Tennessee,Piney Flats,1
Tennessee,Portland,1
Tennessee,Powell,1
Tennessee,Pulaski,1
Tennessee,Rogersville,1
Tennessee,Savannah,1
Tennessee,Sevierville,1
Tennessee,Shelbyville,1
Tennessee,Signal Mountain,1
Tennessee,Smyrna,3
Tennessee,Soddy Daisy,1
Tennessee,Springfield,1
Tennessee,Spring Hill,1
Tennessee,Tellico Plains,1
Tennessee,Thompsons Station,1
Tennessee,Trenton,1
Tennessee,Tullahoma,1
Tennessee,Waverly,1
Texas,Abilene,3
Texas,Addison,1
Texas,Alamo Heights,1
Texas,Aledo,1
Texas,Alice,1
Texas,Allen,6
Texas,Alton,1
Texas,Alvarado,1
Texas,Alvin,1
Texas,Amarillo,5
Texas,Angleton,1
Texas,Anna,1
Texas,Aransas Pass,1
Texas,Argyle,1
Texas,Arlington,11
Texas,Athens,1
Texas,Atlanta,1
Texas,Austin,32
Texas,Azle,1
Texas,Balch Springs,1
Texas,Balcones Heights,1
Texas,Bandera,1
Texas,Bastrop,1
Texas,Bay City,1
Texas,Baytown,4
Texas,Beaumont,5
Texas,Bedford,3
Texas,Bee Cave,2
Texas,Bellaire,1
Texas,Belton,1
Texas,Benbrook,1
Texas,Beverly Hills,1
Texas,Big Spring,1
Texas,Borger,1
Texas,Bowie,1
Texas,Breckenridge,1
Texas,Bridge City,1
Texas,Brownsville,5
Texas,Brownwood,2
Texas,Bryan,2
Texas,Buda,1
Texas,Burleson,3
Texas,Cameron,1
Texas,Canton,1
Texas,Canyon Lake,1
Texas,Carrollton,5
Texas,Carthage,1
Texas,Castle Hills,1
Texas,Cedar Hill,2
Texas,Cedar Park,3
Texas,Celina,1
Texas,Center,1
Texas,Channelview,1
Texas,Cibolo,1
Texas,Clarksville,1
Texas,Clear Lake Shores,1
Texas,Cleburne,1
Texas,Cleveland,1
Texas,Cockrell Hill,1
Texas,College Station,4
Texas,Commerce,1
Texas,Conroe,4
Texas,Converse,1
Texas,Coppell,2
Texas,Corinth,1
Texas,Corpus Christi,12
Texas,Corsicana,1
Texas,Crosby,1
Texas,Cross Roads,1
Texas,Crowley,1
Texas,Cypress,9
Texas,Dallas,53
Texas,Decatur,1
Texas,Deer Park,1
Texas,Del Rio,1
Texas,Denison,1
Texas,Denton,4
Texas,Desoto,1
Texas,Dickinson,2
Texas,Donna,1
Texas,Dumas,1
Texas,Duncanville,2
Texas,Edinburg,3
Texas,Elgin,1
Texas,El Paso,13
Texas,Elsa,1
Texas,Ennis,1
Texas,Euless,1
Texas,Fair Oaks,1
Texas,Farmers Branch,1
Texas,Floresville,1
Texas,Flower Mound,3
Texas,Forest Hill,1
Texas,Forney,1
Texas,Fortworth,1
Texas,Fort Worth,26
Texas,Freeport,1
Texas,Friendswood,1
Texas,Frisco,8
Texas,Fulshear,1
Texas,Gainesville,1
Texas,Galveston,3
Texas,Garland,6
Texas,Georgetown,3
Texas,Gladewater,1
Texas,Granbury,1
Texas,Grand Prairie,5
Texas,Grapevine,4
Texas,Greenville,1
Texas,Gun Barrel City,1
Texas,Haltom City,1
Texas,Harker Heights,1
Texas,Harlingen,3
Texas,Haslet,1
Texas,Heath,1
Texas,Helotes,1
Texas,Henderson,1
Texas,Hereford,1
Texas,Houston,91
Texas,Humble,7
Texas,Huntsville,3
Texas,Hurst,2
Texas,Hutto,1
Texas,Iowa Colony,1
Texas,Irving,8
Texas,Jacksonville,1
Texas,Jersey Village,1
Texas,Katy,11
Texas,Kaufman,1
Texas,Keller,3
Texas,Kerrville,1
Texas,Kilgore,1
Texas,Killeen,2
Texas,Kingsville,1
Texas,Kingwood,2
Texas,Kyle,2
Texas,La Feria,1
Texas,Lago Vista,1
Texas,Lake Jackson,2
Texas,Lakeway,1
Texas,Lake Worth,1
Texas,La Marque,1
Texas,Lamesa,1
Texas,Lancaster,1
Texas,Lantana,1
Texas,La Porte,1
Texas,Laredo,5
Texas,League City,5
Texas,Leander,1
Texas,Levelland,1
Texas,Lewisville,5
Texas,Liberty,1
Texas,Lindale,1
Texas,Little Elm,1
Texas,Livingston,1
Texas,Longview,3
Texas,Lubbock,11
Texas,Lufkin,2
Texas,Lumberton,1
Texas,Lytle,1
Texas,Magnolia,1
Texas,Mansfield,5
Texas,Manvel,1
Texas,Marble Falls,1
Texas,Marshall,1
Texas,Mathis,1
Texas,Mcallen,4
Texas,Mckinney,9
Texas,Meadows Place,1
Texas,Melissa,1
Texas,Mesquite,4
Texas,Mexia,1
Texas,Midland,4
Texas,Midlothian,1
Texas,Mineola,1
Texas,Mineral Wells,1
Texas,Mission,3
Texas,Missouri City,6
Texas,Montgomery,3
Texas,Mount Pleasant,1
Texas,Murphy,1
Texas,Nacogdoches,1
Texas,Nassau Bay,1
Texas,Nederland,1
Texas,New Braunfels,4
Texas,North Dallas,1
Texas,North Richland,1
Texas,North Richlandhills,1
Texas,North Richland Hills,2
Texas,Odessa,5
Texas,Orange,2
Texas,Palestine,1
Texas,Pampa,1
Texas,Paris,2
Texas,Pasadena,4
Texas,Pasedena,1
Texas,Pearland,6
Texas,Pflugerville,3
Texas,Pharr,1
Texas,Pittsburg,1
Texas,Plainview,1
Texas,Plano,15
Texas,Port Aransas,1
Texas,Port Arthur,3
Texas,Porter,1
Texas,Portland,1
Texas,Port Lavaca,1
Texas,Princeton,1
Texas,Prosper,2
Texas,Raymondville,1
Texas,Red Oak,1
Texas,Richardson,6
Texas,Richland Hills,1
Texas,Richmond,7
Texas,River Oaks,1
Texas,Roanoke,1
Texas,Robstown,1
Texas,Rockport,1
Texas,Rockwall,2
Texas,Rosenberg,2
Texas,Rosenburg,1
Texas,Rosharon,1
Texas,Round Rock,6
Texas,Rowlett,3
Texas,Royse City,1
Texas,Saginaw,1
Texas,San Angelo,2
Texas,San Antonio,57
Texas,San Juan,1
Texas,San Marcos,3
Texas,Santa Fe,1
Texas,Schertz,2
Texas,Seabrook,1
Texas,Sealy,1
Texas,Seguin,1
Texas,Selma,1
Texas,Seminole,1
Texas,Sherman,2
Texas,Silsbee,1
Texas,Slaton,1
Texas,Snyder,1
Texas,Southlake,1
Texas,South Padre,1
Texas,Spring,13
Texas,Spring Branch,1
Texas,Stephenville,1
Texas,Sugarland,6
Texas,Sugar Land,3
Texas,Sulphur Springs,1
Texas,Sunnyvale,1
Texas,Taylor,1
Texas,Temple,2
Texas,Terrell,1
Texas,Texarkana,2
Texas,Texas City,1
Texas,The Colony,2
Texas,The Woodlands,5
Texas,Tomball,4
Texas,Tyler,5
Texas,Universal City,1
Texas,Victoria,2
Texas,Vidor,1
Texas,Waco,3
Texas,Waller,1
Texas,Watauga,1
Texas,Waxahachie,2
Texas,Weatherford,2
Texas,Webster,2
Texas,Weslaco,1
Texas,West Columbia,1
Texas,Westlake,1
Texas,Wharton,1
Texas,Whitehouse,1
Texas,Wichita Fall,1
Texas,Wichita Falls,2
Texas,Willis,1
Texas,Winnsboro,1
Texas,Woodway,1
Texas,Wylie,3
Texas,Zapata,1
Utah,American Fork,2
Utah,Centerville,1
Utah,Herriman,1
Utah,Highland,1
Utah,Layton,2
Utah,Ogden,1
Utah,Orem,1
Utah,Provo,1
Utah,Riverdale,1
Utah,Roy,1
Utah,Saint George,1
Utah,Salt Lake City,4
Utah,Sandy,3
Utah,South Jordan,2
Utah,Syracuse,1
Utah,West Jordan,3
Utah,West Valley City,3
Virginia,Abingdon,1
Virginia,Alexandria,19
Virginia,Altavista,1
Virginia,Amherst,1
Virginia,Annandale,2
Virginia,Appomattox,1
Virginia,Arlington,13
Virginia,Ashburn,4
Virginia,Ashland,1
Virginia,Baileys Crossroads,1
Virginia,Bassett,1
Virginia,Bedford,2
Virginia,Big Stone Gap,1
Virginia,Blacksburg,2
Virginia,Bristol,2
Virginia,Bristow,1
Virginia,Brookneal,1
Virginia,Buena Vista,1
Virginia,Burke,2
Virginia,Centerville,1
Virginia,Chantilly,2
Virginia,Charlottesville,8
Virginia,Chase City,1
Virginia,Chatham,1
Virginia,Chesapeake,6
Virginia,Chester,3
Virginia,Chesterfield,2
Virginia,Christiansburg,2
Virginia,Clarksville,1
Virginia,Clifton Forge,1
Virginia,Collinsville,1
Virginia,Colonial Heights,3
Virginia,Covington,1
Virginia,Culpeper,2
Virginia,Daleville,1
Virginia,Danville,5
Virginia,Dublin,1
Virginia,Dumfries,2
Virginia,Emporia,1
Virginia,Fairfax,10
Virginia,Fairfax Station,1
Virginia,Falls Church,9
Virginia,Farmville,1
Virginia,Floyd,1
Virginia,Forest,2
Virginia,Fredericksburg,14
Virginia,Front Royal,2
Virginia,Gainesville,2
Virginia,Galax,1
Virginia,Gate City,1
Virginia,Glen Allen,4
Virginia,Great Falls,2
Virginia,Hampton,4
Virginia,Hardy,1
Virginia,Harrisonburg,4
Virginia,Haymarket,1
Virginia,Henrico,2
Virginia,Herndon,3
Virginia,Highland Springs,1
Virginia,Hillsville,1
Virginia,Hollins,1
Virginia,Hopewell,1
Virginia,Kilmarnock,1
Virginia,King George,1
Virginia,Leesburg,3
Virginia,Lexington,1
Virginia,Locust Grove,1
Virginia,Louisa,1
Virginia,Luray,1
Virginia,Lynchburg,6
Virginia,Madison Heights,1
Virginia,Manassas,6
Virginia,Manassas Park,1
Virginia,Marion,1
Virginia,Martinsville,2
Virginia,Mclean,1
Virginia,Mechanicsville,4
Virginia,Midlothian,6
Virginia,Montpelier,1
Virginia,Moseley,1
Virginia,Newport News,4
Virginia,Norfolk,7
Virginia,North Tazewell,1
Virginia,Norton,1
Virginia,Oakton,1
Virginia,Onley,1
Virginia,Orange,1
Virginia,Palmyra,1
Virginia,Petersburg,1
Virginia,Portsmouth,3
Virginia,Powhatan,1
Virginia,Pulaski,1
Virginia,Radford,1
Virginia,Reston,5
Virginia,Richlands,1
Virginia,Richmond,30
Virginia,Roanoke,8
Virginia,Rocky Mount,2
Virginia,Rosslyn,2
Virginia,Ruckersville,1
Virginia,Ruther Glen,1
Virginia,Salem,2
Virginia,Smithfield,1
Virginia,South Boston,1
Virginia,South Hill,1
Virginia,South Riding,1
Virginia,Spotsylvania,1
Virginia,Springfield,5
Virginia,Stafford,4
Virginia,Staunton,2
Virginia,Stephens City,1
Virginia,Sterling,4
Virginia,Stuart,1
Virginia,Suffolk,1
Virginia,Vienna,3
Virginia,Vinton,1
Virginia,Virginia Beach,13
Virginia,Warrenton,2
Virginia,Waynesboro,3
Virginia,Williamsburg,6
Virginia,Winchester,7
Virginia,Windsor,1
Virginia,Woodbridge,5
Virginia,Woodstock,1
Virginia,Wytheville,1
Virginia,Yorktown,1
Vermont,Bennington,1
Vermont,Berlin,1
Vermont,Burlington,1
Vermont,Colchester,1
Vermont,Essex,1
Vermont,Morrisville,1
Vermont,Rutland,1
Vermont,South Burlington,1
Vermont,Williston,1
Washington,Bellevue,1
Washington,Bellingham,1
Washington,Bonney Lake,1
Washington,Burien,1
Washington,Everett,2
Washington,Federal Way,2
Washington,Gig Harbor,1
Washington,Issaquah,1
Washington,Kelso,1
Washington,Kennewick,1
Washington,Kent,1
Washington,Lacey,1
Washington,Lake Stevens,1
Washington,Lakewood,2
Washington,Lynnwood,2
Washington,Marysville,1
Washington,Olympia,1
Washington,Poulsbo,1
Washington,Puyallup,2
Washington,Redmond,1
Washington,Renton,2
Washington,Richland,1
Washington,Seattle,9
Washington,Silverdale,1
Washington,Spokane,2
Washington,Tacoma,1
Washington,Tukwila,1
Washington,Vancouver,2
Washington,Woodinville,1
Wisconsin,Appleton,4
Wisconsin,Barron,1
Wisconsin,Beloit,2
Wisconsin,Brookfield,2
Wisconsin,Cedarburg,1
Wisconsin,Cottage Grove,1
Wisconsin,Cudahy,1
Wisconsin,Delafield,1
Wisconsin,Depere,1
Wisconsin,Eau Claire,2
Wisconsin,Fitchburg,1
Wisconsin,Fond Du Lac,1
Wisconsin,Fox Point,1
Wisconsin,Franklin,2
Wisconsin,Grafton,1
Wisconsin,Green Bay,6
Wisconsin,Hudson,1
Wisconsin,Janesville,3
Wisconsin,Kenosha,3
Wisconsin,Lake Geneva,1
Wisconsin,Madison,5
Wisconsin,Manitowoc,1
Wisconsin,Menomonee Falls,2
Wisconsin,Menomonie,1
Wisconsin,Middleton,1
Wisconsin,Milwaukee,8
Wisconsin,Neenah,1
Wisconsin,New Berlin,1
Wisconsin,Oak Creek,1
Wisconsin,Onalaska,1
Wisconsin,Oshkosh,2
Wisconsin,Pewaukee,1
Wisconsin,Pleasant Prairie,1
Wisconsin,Racine,2
Wisconsin,Schofield,1
Wisconsin,Sheboygan,1
Wisconsin,Sheboygan Falls,1
Wisconsin,Sturgeon Bay,1
Wisconsin,Sun Prairie,1
Wisconsin,Superior,1
Wisconsin,Waukesha,3
Wisconsin,Wausau,1
Wisconsin,Wauwatosa,2
Wisconsin,West Allis,3
Wisconsin,West Milwaukee,1
Wisconsin,Whitefish Bay,1
Wisconsin,Wisconsin Rapids,1
Wyoming,Casper,1
Wyoming,Cheyenne,1
District-of-Columbia,Washington,64
North-Carolina,Aberdeen,1
North-Carolina,Advance,1
North-Carolina,Albemarle,1
North-Carolina,Apex,2
North-Carolina,Archdale,1
North-Carolina,Arden,2
North-Carolina,Asheboro,2
North-Carolina,Asheville,8
North-Carolina,Beaufort,1
North-Carolina,Belmont,1
North-Carolina,Benson,1
North-Carolina,Bessemer City,1
North-Carolina,Black Mountain,1
North-Carolina,Boiling Springs,1
North-Carolina,Boone,1
North-Carolina,Brevard,1
North-Carolina,Burlington,3
North-Carolina,Burnsville,1
North-Carolina,Calabash,1
North-Carolina,Cameron,1
North-Carolina,Carolina Beach,1
North-Carolina,Carrboro,1
North-Carolina,Cary,9
North-Carolina,Castle Hayne,1
North-Carolina,Chapel Hill,4
North-Carolina,Charlotte,39
North-Carolina,Clayton,2
North-Carolina,Clemmons,2
North-Carolina,Clinton,1
North-Carolina,Columbus,1
North-Carolina,Concord,5
North-Carolina,Conover,1
North-Carolina,Cornelius,1
North-Carolina,Creedmoor,1
North-Carolina,Dallas,1
North-Carolina,Davidson,2
North-Carolina,Denton,1
North-Carolina,Denver,2
North-Carolina,Durham,10
North-Carolina,Eden,1
North-Carolina,Edenton,1
North-Carolina,Elizabeth City,1
North-Carolina,Elizabethtown,1
North-Carolina,Elkin,1
North-Carolina,Emerald Isle,1
North-Carolina,Erwin,1
North-Carolina,Farmville,1
North-Carolina,Fayetteville,8
North-Carolina,Fletcher,1
North-Carolina,Fuquay varina,1
North-Carolina,Garner,4
North-Carolina,Gastonia,6
North-Carolina,Glen Raven,1
North-Carolina,Goldsboro,2
North-Carolina,Graham,1
North-Carolina,Grantsboro,1
North-Carolina,Greensboro,14
North-Carolina,Greenville,4
North-Carolina,Hampstead,1
North-Carolina,Harrisburg,1
North-Carolina,Havelock,1
North-Carolina,Haw River,1
North-Carolina,Henderson,1
North-Carolina,Hendersonville,3
North-Carolina,Hickory,5
North-Carolina,High Point,4
North-Carolina,Hildebran,1
North-Carolina,Holly Springs,2
North-Carolina,Hope Mills,2
North-Carolina,Hudson,1
North-Carolina,Huntersville,4
North-Carolina,Indian Trail,2
North-Carolina,Jacksonville,3
North-Carolina,Jamestown,1
North-Carolina,Kannapolis,1
North-Carolina,Kenansville,1
North-Carolina,Kernersville,3
North-Carolina,Kill Devils Hill,1
North-Carolina,King,1
North-Carolina,Kings Mountain,1
North-Carolina,Kitty Hawk,1
North-Carolina,Knightdale,2
North-Carolina,Leland,2
North-Carolina,Lenoir,1
North-Carolina,Lexington,1
North-Carolina,Liberty,1
North-Carolina,Lillington,1
North-Carolina,Lincolnton,1
North-Carolina,Locust,1
North-Carolina,Louisburg,1
North-Carolina,Lumberton,2
North-Carolina,Madison,1
North-Carolina,Manteo,1
North-Carolina,Marion,1
North-Carolina,Mars Hill,1
North-Carolina,Marshville,1
North-Carolina,Matthews,5
North-Carolina,Mebane,1
North-Carolina,Mills River,1
North-Carolina,Mint Hill,1
North-Carolina,Monroe,3
North-Carolina,Mooresville,3
North-Carolina,Morehead City,2
North-Carolina,Morganton,1
North-Carolina,Morrisville,3
North-Carolina,Murfreesboro,1
North-Carolina,Nashville,1
North-Carolina,New Bern,2
North-Carolina,Newland,1
North-Carolina,Newport,1
North-Carolina,Newton,1
North-Carolina,North Wilkesboro,2
North-Carolina,Oak Ridge,1
North-Carolina,Ocean Isle Beach,1
North-Carolina,Oxford,1
North-Carolina,Pilot Mountain,1
North-Carolina,Raeford,1
North-Carolina,Raleigh,19
North-Carolina,Randleman,1
North-Carolina,Red Springs,1
North-Carolina,Reidsville,1
North-Carolina,Richfield,1
North-Carolina,Roanoke Rapids,1
North-Carolina,Rockingham,1
North-Carolina,Rockwell,1
North-Carolina,Rocky Mount,3
North-Carolina,Rolesville,1
North-Carolina,Roxboro,1
North-Carolina,Rutherford College,1
North-Carolina,Rutherfordton,1
North-Carolina,Salisbury,2
North-Carolina,Sanford,2
North-Carolina,Shallotte,1
North-Carolina,Shelby,2
North-Carolina,Siler City,1
North-Carolina,Smithfield,1
North-Carolina,Sneads Ferry,1
North-Carolina,Southport,1
North-Carolina,Spring Lake,1
North-Carolina,Spruce Pine,1
North-Carolina,Stanley,1
North-Carolina,Statesville,4
North-Carolina,Summerfield,1
North-Carolina,Surf City,1
North-Carolina,Swannanoa,1
North-Carolina,Swansboro,1
North-Carolina,Sylva,1
North-Carolina,Thomasville,1
North-Carolina,Troy,1
North-Carolina,Wadesboro,1
North-Carolina,Wake Forest,2
North-Carolina,Walkertown,1
North-Carolina,Wallace,1
North-Carolina,Walnut Cove,1
North-Carolina,Washington,1
North-Carolina,Waxhaw,4
North-Carolina,Waynesville,1
North-Carolina,Weaverville,1
North-Carolina,Wesley Chapel,2
North-Carolina,West Jefferson,1
North-Carolina,Whiteville,1
North-Carolina,Whitsett,1
North-Carolina,Wilmington,10
North-Carolina,Wilson,3
North-Carolina,Winston Salem,5
North-Carolina,Winston salem,9
North-Carolina,Winterville,1
North-Carolina,Woodfin,1
North-Carolina,Yadkinville,1
North-Carolina,Youngsville,1
North-Dakota,Bismarck,2
North-Dakota,Fargo,2
North-Dakota,Grand Forks,1
North-Dakota,Minot,1
New-Hampshire,Bedford,2
New-Hampshire,Claremont,1
New-Hampshire,Concord,4
New-Hampshire,Derry,1
New-Hampshire,Dover,1
New-Hampshire,Epping,1
New-Hampshire,Franklin,1
New-Hampshire,Gilford,1
New-Hampshire,Greenland,1
New-Hampshire,Hampton,1
New-Hampshire,Hanover,1
New-Hampshire,Hooksett,2
New-Hampshire,Hudson,1
New-Hampshire,Keene,2
New-Hampshire,Laconia,1
New-Hampshire,Londonderry,1
New-Hampshire,Manchester,3
New-Hampshire,Merrimack,1
New-Hampshire,Milford,1
New-Hampshire,Nashua,5
New-Hampshire,North Conway,1
New-Hampshire,Peterborough,1
New-Hampshire,Plaistow,1
New-Hampshire,Plymouth,1
New-Hampshire,Portsmouth,1
New-Hampshire,Rochester,1
New-Hampshire,Salem,3
New-Hampshire,Seabrook,1
New-Hampshire,Somersworth,2
New-Hampshire,Stratham,1
New-Hampshire,West Lebanon,1
New-Hampshire,Windham,1
New-Jersey,Aberdeen,1
New-Jersey,Absecon,1
New-Jersey,Atlantic City,1
New-Jersey,Barnegat,1
New-Jersey,Bayonne,1
New-Jersey,Beachwood,1
New-Jersey,Bedminster,1
New-Jersey,Belle Mead,1
New-Jersey,Belleville,1
New-Jersey,Belmar,1
New-Jersey,Berkley Heights,1
New-Jersey,Berlin,1
New-Jersey,Bernardsville,1
New-Jersey,Blackwood,2
New-Jersey,Bloomfield,2
New-Jersey,Brick,3
New-Jersey,Bridgewater,3
New-Jersey,Brigantine,1
New-Jersey,Brown Mills,1
New-Jersey,Budd Lake,1
New-Jersey,Burlington,1
New-Jersey,Burlington Township,1
New-Jersey,Cape May Court House,1
New-Jersey,Carteret,1
New-Jersey,Cedar Grove,2
New-Jersey,Chatham,2
New-Jersey,Cherry Hill,4
New-Jersey,Chester,1
New-Jersey,Clark,2
New-Jersey,Clementon,1
New-Jersey,Clifton,4
New-Jersey,Closter,2
New-Jersey,Cresskill,1
New-Jersey,Delran,2
New-Jersey,Denville,1
New-Jersey,Deptford,1
New-Jersey,Dumont,1
New-Jersey,Eastampton,1
New-Jersey,East Brunswick,2
New-Jersey,East Hanover,2
New-Jersey,East Orange,1
New-Jersey,East Rutherford,1
New-Jersey,East Windsor,2
New-Jersey,East Windsor Township,1
New-Jersey,Edgewater,2
New-Jersey,Edison,3
New-Jersey,Egg Harbor Township,2
New-Jersey,Elizabeth,3
New-Jersey,Elmwood Park,1
New-Jersey,Englewood,1
New-Jersey,Evesham,1
New-Jersey,Ewing,1
New-Jersey,Ewing Township,1
New-Jersey,Fairfield,1
New-Jersey,Fairlawn,2
New-Jersey,Fair Lawn,1
New-Jersey,Fairview,1
New-Jersey,Flemington,3
New-Jersey,Florham Park,1
New-Jersey,Fort Lee,3
New-Jersey,Franklin Park,1
New-Jersey,Freehold,2
New-Jersey,Galloway,1
New-Jersey,Garfield,1
New-Jersey,Garwood,1
New-Jersey,Gibbsboro,1
New-Jersey,Glassboro,2
New-Jersey,Glen Rock,1
New-Jersey,Gloucester,1
New-Jersey,Greenbrook,1
New-Jersey,Hackensack,3
New-Jersey,Hackettstown,3
New-Jersey,Haddonfield,1
New-Jersey,Haddon Heights,1
New-Jersey,Haddon Township,2
New-Jersey,Hamilton,2
New-Jersey,Hamilton Township,1
New-Jersey,Harrison Twp,1
New-Jersey,Hazlet,1
New-Jersey,Highlands,1
New-Jersey,Hillsborough,1
New-Jersey,Hillside,1
New-Jersey,Hoboken,3
New-Jersey,Howell,2
New-Jersey,Jackson,2
New-Jersey,Jamesburg,1
New-Jersey,Jersey City,4
New-Jersey,Kearny,1
New-Jersey,Kendall Park,1
New-Jersey,Lakewood,2
New-Jersey,Lambertville,1
New-Jersey,Lanoka Harbor,1
New-Jersey,Lawrenceville,2
New-Jersey,Ledgewood,1
New-Jersey,Leonia,1
New-Jersey,Lincoln Park,1
New-Jersey,Linden,3
New-Jersey,Little Ferry,1
New-Jersey,Little Silver,1
New-Jersey,Livingston,2
New-Jersey,Lodi,1
New-Jersey,Long Branch,1
New-Jersey,Lumberton,1
New-Jersey,Mahwah,1
New-Jersey,Malaga,1
New-Jersey,Manahawkin,1
New-Jersey,Manalapan,3
New-Jersey,Manasquan,1
New-Jersey,Manville,1
New-Jersey,Maple Shade,1
New-Jersey,Maplewood,1
New-Jersey,Margate City,1
New-Jersey,Marlboro,1
New-Jersey,Marlton,3
New-Jersey,Marmora,1
New-Jersey,Matawan,1
New-Jersey,Mays Landing,2
New-Jersey,Medford,2
New-Jersey,Mendham,1
New-Jersey,Merchantville,1
New-Jersey,Metuchen,1
New-Jersey,Middlesex,1
New-Jersey,Middletown,2
New-Jersey,Midland Park,1
New-Jersey,Millburn,1
New-Jersey,Milltown,1
New-Jersey,Millville,2
New-Jersey,Monmouth Junction,1
New-Jersey,Monroe Township,1
New-Jersey,Montclair,2
New-Jersey,Montvale,2
New-Jersey,Moorestown,1
New-Jersey,Morganville,2
New-Jersey,Morristown,1
New-Jersey,Mount Ephraim,1
New-Jersey,Mount Holly,1
New-Jersey,Mount Laurel,2
New-Jersey,Mullica Hill,1
New-Jersey,Neptune,1
New-Jersey,Newark,2
New-Jersey,New Egypt,1
New-Jersey,New Milford,2
New-Jersey,New Providence,1
New-Jersey,North Arlington,2
New-Jersey,North Bergen,2
New-Jersey,North Brunswick,3
New-Jersey,North Plainfield,1
New-Jersey,Northvale,1
New-Jersey,North Wildwood,1
New-Jersey,Nutley,1
New-Jersey,Oakhurst,1
New-Jersey,Oaklyn,1
New-Jersey,Oak Ridge,1
New-Jersey,Ocean,2
New-Jersey,Ocean City,2
New-Jersey,Old Bridge,1
New-Jersey,Old Tappan,1
New-Jersey,Paramus,2
New-Jersey,Parsippany,2
New-Jersey,Passaic,1
New-Jersey,Paulsboro,1
New-Jersey,Pennsauken,2
New-Jersey,Pequannock,1
New-Jersey,Phillipsburg,1
New-Jersey,Piscataway,1
New-Jersey,Plainsboro,1
New-Jersey,Pleasantville,1
New-Jersey,Point Pleasant Beach,1
New-Jersey,Pomona,1
New-Jersey,Pompton Plains,1
New-Jersey,Princeton,3
New-Jersey,Rahway,1
New-Jersey,Ramsey,1
New-Jersey,Randolph,1
New-Jersey,Ridgefield Park,1
New-Jersey,Ringwood,1
New-Jersey,Riverdale,1
New-Jersey,River Edge,1
New-Jersey,Riverton,1
New-Jersey,Robbinsville,1
New-Jersey,Rochelle Park,1
New-Jersey,Rockaway,2
New-Jersey,Roselle,1
New-Jersey,Runnemede,1
New-Jersey,Saddlebrook,1
New-Jersey,Scotch Plains,1
New-Jersey,Sea Isle City,1
New-Jersey,Seaside Heights,1
New-Jersey,Secaucus,1
New-Jersey,Sewell,2
New-Jersey,Ship Bottom,1
New-Jersey,Shrewsbury,1
New-Jersey,Sicklerville,2
New-Jersey,Smithville,1
New-Jersey,Somerset,1
New-Jersey,Somers Point,1
New-Jersey,South Plainfield,3
New-Jersey,Sparta,1
New-Jersey,Springfield Township,1
New-Jersey,Stanhope,1
New-Jersey,Stratford,1
New-Jersey,Summit,1
New-Jersey,Swedesboro,1
New-Jersey,Tabernacle,1
New-Jersey,Teaneck,3
New-Jersey,Tenafly,1
New-Jersey,Tinton Falls,1
New-Jersey,Toms River,4
New-Jersey,Totowa,1
New-Jersey,Trenton,2
New-Jersey,Turnersville,1
New-Jersey,Union,4
New-Jersey,Union City,2
New-Jersey,Upper Montclair,1
New-Jersey,Upper Township,1
New-Jersey,Vauxhall,1
New-Jersey,Ventnor,1
New-Jersey,Vernon,1
New-Jersey,Villas,1
New-Jersey,Vineland,3
New-Jersey,Voorhees,2
New-Jersey,Wanaque,1
New-Jersey,Waretown,1
New-Jersey,Washington,1
New-Jersey,Watchung,1
New-Jersey,Wayne,3
New-Jersey,Wenonah,1
New-Jersey,Westampton,1
New-Jersey,West Caldwell,1
New-Jersey,West Cape May,1
New-Jersey,Westfield,1
New-Jersey,West Keansburg,1
New-Jersey,Westmont,1
New-Jersey,West New York,1
New-Jersey,West Orange,3
New-Jersey,West Windsor,1
New-Jersey,Westwood,1
New-Jersey,Whippany,1
New-Jersey,Whiting,2
New-Jersey,Wildwood,1
New-Jersey,Williamstown,2
New-Jersey,Willingboro,1
New-Jersey,Woodbridge,1
New-Jersey,Woodbury,1
New-Jersey,Wood Ridge,1
New-Jersey,Woolwich,1
New-Jersey,Wyckoff,1
New-Jersey,Yardville,1
New-Mexico,Albuquerque,13
New-Mexico,Carlsbad,1
New-Mexico,Espanola,1
New-Mexico,Farmington,1
New-Mexico,Hobbs,1
New-Mexico,Las Cruces,2
New-Mexico,Rio Rancho,1
New-Mexico,Roswell,1
New-Mexico,Santa Fe,3
New-Mexico,Silver City,1
New-York,Albany,8
New-York,Amherst,4
New-York,Amityville,2
New-York,Amsterdam,1
New-York,Ardsley,1
New-York,Armonk,1
New-York,Astoria,2
New-York,Auburndale,1
New-York,Avon,1
New-York,Baldwin,3
New-York,Ballston Spa,1
New-York,Bardonia,1
New-York,Batavia,2
New-York,Bayport,1
New-York,Bayshore,1
New-York,Bay Shore,2
New-York,Bayside,2
New-York,Bedford Hills,1
New-York,Bellerose,1
New-York,Bellmore,1
New-York,Bellport,1
New-York,Bethpage,2
New-York,Binghamton,6
New-York,Blasdell,1
New-York,Bohemia,1
New-York,Briarcliff Manor,1
New-York,Brighton,1
New-York,Brockport,1
New-York,Bronx,14
New-York,Bronxville,1
New-York,Brooklyn,28
New-York,Buffalo,4
New-York,Burnt Hills,1
New-York,Cairo,1
New-York,Cambria Heights,1
New-York,Carmel,1
New-York,Cedarhurst,1
New-York,Centereach,1
New-York,Center Moriches,2
New-York,Central Islip,2
New-York,Cheektowaga,1
New-York,Chester,1
New-York,Cicero,1
New-York,Clifton Park,3
New-York,Clinton,1
New-York,Cobleskill,1
New-York,Cohoes,1
New-York,College Point,2
New-York,Colonie,2
New-York,Commack,2
New-York,Cooperstown,1
New-York,Copiague,2
New-York,Coram,1
New-York,Cornwall,1
New-York,Cortland,1
New-York,Croton On Hudson,1
New-York,Dansville,1
New-York,Deer Park,1
New-York,Delmar,1
New-York,Depew,2
New-York,Douglaston,1
New-York,Dover Plains,1
New-York,Dunkirk,1
New-York,Hampton,1
New-York,East Amherst,1
New-York,East Aurora,1
New-York,Eastchester,1
New-York,East Greenbush,1
New-York,East Hampton,1
New-York,East Hills,1
New-York,East Islip,1
New-York,East Meadow,1
New-York,East Northport,2
New-York,East Rockaway,2
New-York,Elmhurst,1
New-York,Elmira,1
New-York,Elmont,2
New-York,Elmsford,1
New-York,Endicott,2
New-York,Endwell,1
New-York,Fairport,2
New-York,Falconer,1
New-York,Farmingdale,3
New-York,Farmington,1
New-York,Farmingville,1
New-York,Far Rockaway,1
New-York,Fayetteville,1
New-York,Fishkill,1
New-York,Floral Park,1
New-York,Flushing,2
New-York,Forest Hills,5
New-York,Franklin Square,1
New-York,Freeport,2
New-York,Fresh Meadows,1
New-York,Garden City,1
New-York,Garnerville,1
New-York,Glen Cove,3
New-York,Glendale,1
New-York,Glen Head,1
New-York,Glenmont,1
New-York,Glen Oaks,1
New-York,Gloversville,1
New-York,Goshen,1
New-York,Great Neck,2
New-York,Greece,1
New-York,Greenlawn,1
New-York,Greenwich,1
New-York,Greenwood Lake,1
New-York,Guilderland,1
New-York,Hamburg,2
New-York,Harrison,1
New-York,Hartsdale,1
New-York,Hempstead,1
New-York,Henrietta,1
New-York,Hewlett,2
New-York,Hicksville,3
New-York,Hilton,1
New-York,Holbrook,1
New-York,Honeoye,1
New-York,Hopewell Junction,1
New-York,Howard Beach,1
New-York,Hudson,2
New-York,Hudson Falls,1
New-York,Huntington,1
New-York,Huntington Station,3
New-York,Hyde Park,2
New-York,Inwood,1
New-York,Islip Terrace,1
New-York,Ithaca,2
New-York,Jackson Heights,2
New-York,Jamaica,1
New-York,Jamestown,1
New-York,Jericho,1
New-York,Johnson City,3
New-York,Katonah,1
New-York,Kew Gardens,1
New-York,Kings Park,1
New-York,Kingston,3
New-York,Lake Ronkonkoma,1
New-York,Larchmont,2
New-York,Latham,3
New-York,Levittown,3
New-York,Lewiston,1
New-York,Lindenhurst,2
New-York,Little Falls,1
New-York,Liverpool,1
New-York,Long Beach,1
New-York,Lynbrook,1
New-York,Macedon,1
New-York,Mahopac,1
New-York,Malta,1
New-York,Mamaroneck,2
New-York,Manhattan,4
New-York,Manlius,1
New-York,Manorville,1
New-York,Margaretville,1
New-York,Marlboro,1
New-York,Maspeth,1
New-York,Massapequa,1
New-York,Mattituck,1
New-York,Mechanicville,1
New-York,Medford,2
New-York,Merrick,2
New-York,Middletown,3
New-York,Middle Village,1
New-York,Miller Place,1
New-York,Millerton,1
New-York,Mineola,2
New-York,Mohegan Lake,1
New-York,Monroe,2
New-York,Mount Kisco,2
New-York,Mount Vernon,3
New-York,Nesconset,1
New-York,Newburgh,2
New-York,New City,1
New-York,New Hartford,1
New-York,New Hyde Park,2
New-York,New Rochelle,5
New-York,New York,59
New-York,Niagara Falls,2
New-York,Niskayuna,1
New-York,North Babylon,1
New-York,North Bayshore,1
New-York,North Bellmore,2
New-York,Northport,2
New-York,North Tonawanda,1
New-York,North White Plains,1
New-York,Oceanside,2
New-York,Olean,1
New-York,Orangeburg,1
New-York,Orchard Park,1
New-York,Ossining,1
New-York,Owego,1
New-York,Oyster Bay,1
New-York,Ozone Park,2
New-York,Patchogue,2
New-York,Pawling,1
New-York,Pearl River,1
New-York,Peekskill,2
New-York,Pelham Manor,1
New-York,Penfield,1
New-York,Penn Yan,1
New-York,Plainview,2
New-York,Plattsburgh,1
New-York,Pleasant Valley,1
New-York,Port Jefferson,3
New-York,Poughkeepsie,3
New-York,Queens,1
New-York,Queensbury,3
New-York,Queens Village,1
New-York,Ravena,1
New-York,Red Hook,1
New-York,Rego Park,1
New-York,Rensselaer,2
New-York,Rhinebeck,1
New-York,Ridgewood,2
New-York,Riverhead,2
New-York,Rochester,12
New-York,Rockaway Beach,1
New-York,Rockville Center,1
New-York,Rockville Centr,1
New-York,Rocky Point,1
New-York,Ronkonkoma,1
New-York,Roslyn Heights,1
New-York,Rotterdam,1
New-York,Rye,1
New-York,Rye Brook,2
New-York,Saint Albans,1
New-York,Sanborn,1
New-York,Saratoga,1
New-York,Saratoga Springs,1
New-York,Saugerties,1
New-York,Sayville,1
New-York,Scarsdale,4
New-York,Schenectady,7
New-York,Scotia,2
New-York,Seaford,1
New-York,Selden,2
New-York,Setauket,1
New-York,Sheepshead Bay,1
New-York,Shirley,2
New-York,Skaneateles,1
New-York,Smithtown,3
New-York,Sodus,1
New-York,Somers,1
New-York,Southampton,1
New-York,South Setauket,1
New-York,Spring Valley,2
New-York,Staten Island,20
New-York,Stony Point,1
New-York,Suffern montebello,1
New-York,Sunnyside,1
New-York,Syosset,1
New-York,Syracuse,3
New-York,Tarrytown,2
New-York,Thornwood,2
New-York,Tonawanda,1
New-York,Troy,3
New-York,Valatie,1
New-York,Valley Stream,3
New-York,Vestal,2
New-York,Victor,1
New-York,Wading River,1
New-York,Walton,1
New-York,Wantagh,2
New-York,Warwick,1
New-York,Washingtonville,1
New-York,Watertown,1
New-York,Waterville,1
New-York,Watkins Glen,1
New-York,Wayland,1
New-York,Webster,3
New-York,West Babylon,2
New-York,Westbury,3
New-York,Westfield,1
New-York,Westhampton Beach,1
New-York,West Hempstead,2
New-York,West Islip,1
New-York,West Nyack,1
New-York,West Sayville,1
New-York,West Seneca,1
New-York,Whitehall,1
New-York,White Plains,6
New-York,Whitestone,2
New-York,Williamsville,1
New-York,Williston Pk,1
New-York,Wilton,1
New-York,Woodmere,1
New-York,Woodside,1
New-York,Woodstock,1
New-York,Wynantskill,1
New-York,Yonkers,7
New-York,Yorktown Heights,1
Rhode-Island,Barrington,1
Rhode-Island,Bristol,2
Rhode-Island,Central Falls,2
Rhode-Island,Charlestown,1
Rhode-Island,Coventry,1
Rhode-Island,Cranston,5
Rhode-Island,Cumberland,3
Rhode-Island,East Greenwich,3
Rhode-Island,East Providence,4
Rhode-Island,Glocester,1
Rhode-Island,Greenville,1
Rhode-Island,Johnston,3
Rhode-Island,Lincoln,1
Rhode-Island,Middletown,1
Rhode-Island,Narragansett,1
Rhode-Island,Newport,1
Rhode-Island,North Kingstown,1
Rhode-Island,North Providence,1
Rhode-Island,North Smithfield,1
Rhode-Island,Pascoag,1
Rhode-Island,Pawtucket,3
Rhode-Island,Portsmouth,1
Rhode-Island,Providence,8
Rhode-Island,Smithfield,1
Rhode-Island,South Kingston,1
Rhode-Island,Tiverton,1
Rhode-Island,Wakefield,1
Rhode-Island,Warren,1
Rhode-Island,Warwick,6
Rhode-Island,Westerly,2
Rhode-Island,West Warwick,3
Rhode-Island,Woonsocket,2
Rhode-Island,Wyoming,1
South-Carolina,Abbeville,1
South-Carolina,Aiken,4
South-Carolina,Anderson,5
South-Carolina,Andrews,1
South-Carolina,Ballentine,1
South-Carolina,Barnwell,1
South-Carolina,Batesburg,1
South-Carolina,Beech Island,1
South-Carolina,Belton,1
South-Carolina,Bennettsville,1
South-Carolina,Bishopville,1
South-Carolina,Bluffton,2
South-Carolina,Boiling Springs,1
South-Carolina,Camden,1
South-Carolina,Cayce,2
South-Carolina,Charleston,10
South-Carolina,Cheraw,1
South-Carolina,Chesnee,1
South-Carolina,Chester,1
South-Carolina,Clemson,1
South-Carolina,Clinton,1
South-Carolina,Clover,2
South-Carolina,Columbia,17
South-Carolina,Conway,2
South-Carolina,Darlington,1
South-Carolina,Denmark,1
South-Carolina,Dillon,1
South-Carolina,Easley,2
South-Carolina,Edgefield,1
South-Carolina,Florence,6
South-Carolina,Fort Mill,2
South-Carolina,Fountain Inn,1
South-Carolina,Gaffney,1
South-Carolina,Georgetown,1
South-Carolina,Goose Creek,3
South-Carolina,Greenville,12
South-Carolina,Greenwood,3
South-Carolina,Greer,3
South-Carolina,Hampton,1
South-Carolina,Hanahan,1
South-Carolina,Hardeeville,1
South-Carolina,Hartsville,1
South-Carolina,Hemingway,1
South-Carolina,Hilton Head,2
South-Carolina,Holly Hill,1
South-Carolina,Honea Path,1
South-Carolina,Indian Land,1
South-Carolina,Inman,1
South-Carolina,Irmo,1
South-Carolina,Johns Island,2
South-Carolina,Kingstree,1
South-Carolina,Ladson,1
South-Carolina,Lake City,1
South-Carolina,Lancaster,2
South-Carolina,Landrum,1
South-Carolina,Lexington,4
South-Carolina,Liberty,1
South-Carolina,Little River,2
South-Carolina,Loris,1
South-Carolina,Lyman,1
South-Carolina,Manning,1
South-Carolina,Marion,1
South-Carolina,Mauldin,2
South-Carolina,Moncks Corner,1
South-Carolina,Moore,1
South-Carolina,Mount Pleasant,6
South-Carolina,Mt Pleasant,1
South-Carolina,Mullins,1
South-Carolina,Murrells Inlet,2
South-Carolina,Myrtle Beach,10
South-Carolina,Newberry,1
South-Carolina,North Augusta,1
South-Carolina,North Charleston,4
South-Carolina,North Myrtle Beach,2
South-Carolina,Orangeburg,2
South-Carolina,Pageland,1
South-Carolina,Pawleys Island,1
South-Carolina,Pendleton,1
South-Carolina,Pickens,1
South-Carolina,Piedmont,2
South-Carolina,Port Royal,1
South-Carolina,Ravenel,1
South-Carolina,Rock Hill,4
South-Carolina,Saint George,1
South-Carolina,Saluda,1
South-Carolina,Santee,1
South-Carolina,Seneca,2
South-Carolina,Simpsonville,5
South-Carolina,Spartanburg,5
South-Carolina,Summerville,6
South-Carolina,Sumter,2
South-Carolina,Surfside Beach,1
South-Carolina,Taylors,3
South-Carolina,Travelers Rest,1
South-Carolina,Union,1
South-Carolina,Walterboro,1
South-Carolina,West Columbia,3
South-Carolina,West Pelzer,1
South-Carolina,West Union,1
South-Carolina,Winnsboro,1
South-Carolina,Woodruff,1
South-Dakota,Rapid City,1
South-Dakota,Sioux Falls,2
West-Virginia,Athens,1
West-Virginia,Barboursville,1
West-Virginia,Beaver,1
West-Virginia,Beckley,3
West-Virginia,Bluefield,1
West-Virginia,Bridgeport,1
West-Virginia,Buckhannon,1
West-Virginia,Charleston,3
West-Virginia,Charlestown,1
West-Virginia,Charles Town,1
West-Virginia,Clarksburg,1
West-Virginia,Dunbar,1
West-Virginia,Elkins,1
West-Virginia,Elkview,1
West-Virginia,Fairmont,2
West-Virginia,Fayetteville,1
West-Virginia,Gassaway,1
West-Virginia,Gauley Bridge,1
West-Virginia,Huntington,4
West-Virginia,Hurricane,1
West-Virginia,Inwood,1
West-Virginia,Kenova,1
West-Virginia,Keyser,1
West-Virginia,Lewisburg,1
West-Virginia,Mannington,1
West-Virginia,Martinsburg,2
West-Virginia,Milton,1
West-Virginia,Montgomery,1
West-Virginia,Moorefield,1
West-Virginia,Morgantown,4
West-Virginia,Moundsville,1
West-Virginia,Parkersburg,4
West-Virginia,Princeton,1
West-Virginia,Romney,1
West-Virginia,Saint Albans,1
West-Virginia,South Charleston,1
West-Virginia,Star City,1
West-Virginia,Summersville,1
West-Virginia,Triadelphia,1
West-Virginia,Weston,1
West-Virginia,Wheeling,2
Puerto-Rico,Arecibo,1
Puerto-Rico,Bayamon,4
Puerto-Rico,Caguas,1
Puerto-Rico,Carolina,3
Puerto-Rico,Condado,1
Puerto-Rico,Dorado,1
Puerto-Rico,Fajardo,1
Puerto-Rico,Guaynabo,2
Puerto-Rico,Manati,1
Puerto-Rico,Ponce,1
Puerto-Rico,San Juan,3
Puerto-Rico,Toa Baja,1
Puerto-Rico,Vega Alta,1
Puerto-Rico,Vega Baja,1
